home_team,away_team,prob_home,prob_draw,prob_away
Manchester United,Chelsea,0.43658036,0.27725303,0.2861666
Manchester United,Liverpool,0.43658036,0.27725303,0.2861666
Manchester United,Arsenal,0.43658036,0.27725303,0.2861666
Manchester United,Tottenham Hotspur,0.43658036,0.27725303,0.2861666
Manchester United,Bolton Wanderers,0.43658036,0.27725303,0.2861666
Manchester United,Reading,0.43658036,0.27725303,0.2861666
Manchester United,Blackburn Rovers,0.43658036,0.27725303,0.2861666
Manchester United,Everton,0.43658036,0.27725303,0.2861666
Manchester United,Portsmouth,0.43658036,0.27725303,0.2861666
Manchester United,Middlesbrough,0.43658036,0.27725303,0.2861666
Manchester United,West Ham United,0.43658036,0.27725303,0.2861666
Manchester United,Aston Villa,0.43658036,0.27725303,0.2861666
Manchester United,Manchester City,0.43658036,0.27725303,0.2861666
Manchester United,Newcastle United,0.43658036,0.27725303,0.2861666
Manchester United,Sheffield United,0.43658036,0.27725303,0.2861666
Manchester United,Wigan Athletic,0.43658036,0.27725303,0.2861666
Manchester United,Charlton Athletic,0.43658036,0.27725303,0.2861666
Manchester United,Fulham,0.43658036,0.27725303,0.2861666
Manchester United,Watford,0.43658036,0.27725303,0.2861666
Manchester United,Sunderland,0.43658036,0.27725303,0.2861666
Manchester United,Birmingham City,0.43658036,0.27725303,0.2861666
Manchester United,Derby County,0.43658036,0.27725303,0.2861666
Manchester United,Stoke City,0.43658036,0.27725303,0.2861666
Manchester United,Hull City,0.43658036,0.27725303,0.2861666
Manchester United,West Bromwich Albion,0.43658036,0.27725303,0.2861666
Manchester United,Wolverhampton Wanderers,0.43658036,0.27725303,0.2861666
Manchester United,Burnley,0.43658036,0.27725303,0.2861666
Manchester United,Blackpool,0.43658036,0.27725303,0.2861666
Manchester United,Norwich City,0.43658036,0.27725303,0.2861666
Manchester United,Swansea City,0.43658036,0.27725303,0.2861666
Manchester United,Queens Park Rangers,0.43658036,0.27725303,0.2861666
Manchester United,Southampton,0.43658036,0.27725303,0.2861666
Manchester United,Crystal Palace,0.43658036,0.27725303,0.2861666
Manchester United,Cardiff City,0.43658036,0.27725303,0.2861666
Manchester United,Leicester City,0.43658036,0.27725303,0.2861666
Manchester United,AFC Bournemouth,0.43658036,0.27725303,0.2861666
Chelsea,Manchester United,0.43658036,0.27725303,0.2861666
Chelsea,Liverpool,0.43658036,0.27725303,0.2861666
Chelsea,Arsenal,0.43658036,0.27725303,0.2861666
Chelsea,Tottenham Hotspur,0.43658036,0.27725303,0.2861666
Chelsea,Bolton Wanderers,0.43658036,0.27725303,0.2861666
Chelsea,Reading,0.43658036,0.27725303,0.2861666
Chelsea,Blackburn Rovers,0.43658036,0.27725303,0.2861666
Chelsea,Everton,0.43658036,0.27725303,0.2861666
Chelsea,Portsmouth,0.43658036,0.27725303,0.2861666
Chelsea,Middlesbrough,0.43658036,0.27725303,0.2861666
Chelsea,West Ham United,0.43658036,0.27725303,0.2861666
Chelsea,Aston Villa,0.43658036,0.27725303,0.2861666
Chelsea,Manchester City,0.43658036,0.27725303,0.2861666
Chelsea,Newcastle United,0.43658036,0.27725303,0.2861666
Chelsea,Sheffield United,0.43658036,0.27725303,0.2861666
Chelsea,Wigan Athletic,0.43658036,0.27725303,0.2861666
Chelsea,Charlton Athletic,0.43658036,0.27725303,0.2861666
Chelsea,Fulham,0.43658036,0.27725303,0.2861666
Chelsea,Watford,0.43658036,0.27725303,0.2861666
Chelsea,Sunderland,0.43658036,0.27725303,0.2861666
Chelsea,Birmingham City,0.43658036,0.27725303,0.2861666
Chelsea,Derby County,0.43658036,0.27725303,0.2861666
Chelsea,Stoke City,0.43658036,0.27725303,0.2861666
Chelsea,Hull City,0.43658036,0.27725303,0.2861666
Chelsea,West Bromwich Albion,0.43658036,0.27725303,0.2861666
Chelsea,Wolverhampton Wanderers,0.43658036,0.27725303,0.2861666
Chelsea,Burnley,0.43658036,0.27725303,0.2861666
Chelsea,Blackpool,0.43658036,0.27725303,0.2861666
Chelsea,Norwich City,0.43658036,0.27725303,0.2861666
Chelsea,Swansea City,0.43658036,0.27725303,0.2861666
Chelsea,Queens Park Rangers,0.43658036,0.27725303,0.2861666
Chelsea,Southampton,0.43658036,0.27725303,0.2861666
Chelsea,Crystal Palace,0.43658036,0.27725303,0.2861666
Chelsea,Cardiff City,0.43658036,0.27725303,0.2861666
Chelsea,Leicester City,0.43658036,0.27725303,0.2861666
Chelsea,AFC Bournemouth,0.43658036,0.27725303,0.2861666
Liverpool,Manchester United,0.43658036,0.27725303,0.2861666
Liverpool,Chelsea,0.43658036,0.27725303,0.2861666
Liverpool,Arsenal,0.43658036,0.27725303,0.2861666
Liverpool,Tottenham Hotspur,0.43658036,0.27725303,0.2861666
Liverpool,Bolton Wanderers,0.43658036,0.27725303,0.2861666
Liverpool,Reading,0.43658036,0.27725303,0.2861666
Liverpool,Blackburn Rovers,0.43658036,0.27725303,0.2861666
Liverpool,Everton,0.43658036,0.27725303,0.2861666
Liverpool,Portsmouth,0.43658036,0.27725303,0.2861666
Liverpool,Middlesbrough,0.43658036,0.27725303,0.2861666
Liverpool,West Ham United,0.43658036,0.27725303,0.2861666
Liverpool,Aston Villa,0.43658036,0.27725303,0.2861666
Liverpool,Manchester City,0.43658036,0.27725303,0.2861666
Liverpool,Newcastle United,0.43658036,0.27725303,0.2861666
Liverpool,Sheffield United,0.43658036,0.27725303,0.2861666
Liverpool,Wigan Athletic,0.43658036,0.27725303,0.2861666
Liverpool,Charlton Athletic,0.43658036,0.27725303,0.2861666
Liverpool,Fulham,0.43658036,0.27725303,0.2861666
Liverpool,Watford,0.43658036,0.27725303,0.2861666
Liverpool,Sunderland,0.43658036,0.27725303,0.2861666
Liverpool,Birmingham City,0.43658036,0.27725303,0.2861666
Liverpool,Derby County,0.43658036,0.27725303,0.2861666
Liverpool,Stoke City,0.43658036,0.27725303,0.2861666
Liverpool,Hull City,0.43658036,0.27725303,0.2861666
Liverpool,West Bromwich Albion,0.43658036,0.27725303,0.2861666
Liverpool,Wolverhampton Wanderers,0.43658036,0.27725303,0.2861666
Liverpool,Burnley,0.43658036,0.27725303,0.2861666
Liverpool,Blackpool,0.43658036,0.27725303,0.2861666
Liverpool,Norwich City,0.43658036,0.27725303,0.2861666
Liverpool,Swansea City,0.43658036,0.27725303,0.2861666
Liverpool,Queens Park Rangers,0.43658036,0.27725303,0.2861666
Liverpool,Southampton,0.43658036,0.27725303,0.2861666
Liverpool,Crystal Palace,0.43658036,0.27725303,0.2861666
Liverpool,Cardiff City,0.43658036,0.27725303,0.2861666
Liverpool,Leicester City,0.43658036,0.27725303,0.2861666
Liverpool,AFC Bournemouth,0.43658036,0.27725303,0.2861666
Arsenal,Manchester United,0.43658036,0.27725303,0.2861666
Arsenal,Chelsea,0.43658036,0.27725303,0.2861666
Arsenal,Liverpool,0.43658036,0.27725303,0.2861666
Arsenal,Tottenham Hotspur,0.43658036,0.27725303,0.2861666
Arsenal,Bolton Wanderers,0.43658036,0.27725303,0.2861666
Arsenal,Reading,0.43658036,0.27725303,0.2861666
Arsenal,Blackburn Rovers,0.43658036,0.27725303,0.2861666
Arsenal,Everton,0.43658036,0.27725303,0.2861666
Arsenal,Portsmouth,0.43658036,0.27725303,0.2861666
Arsenal,Middlesbrough,0.43658036,0.27725303,0.2861666
Arsenal,West Ham United,0.43658036,0.27725303,0.2861666
Arsenal,Aston Villa,0.43658036,0.27725303,0.2861666
Arsenal,Manchester City,0.43658036,0.27725303,0.2861666
Arsenal,Newcastle United,0.43658036,0.27725303,0.2861666
Arsenal,Sheffield United,0.43658036,0.27725303,0.2861666
Arsenal,Wigan Athletic,0.43658036,0.27725303,0.2861666
Arsenal,Charlton Athletic,0.43658036,0.27725303,0.2861666
Arsenal,Fulham,0.43658036,0.27725303,0.2861666
Arsenal,Watford,0.43658036,0.27725303,0.2861666
Arsenal,Sunderland,0.43658036,0.27725303,0.2861666
Arsenal,Birmingham City,0.43658036,0.27725303,0.2861666
Arsenal,Derby County,0.43658036,0.27725303,0.2861666
Arsenal,Stoke City,0.43658036,0.27725303,0.2861666
Arsenal,Hull City,0.43658036,0.27725303,0.2861666
Arsenal,West Bromwich Albion,0.43658036,0.27725303,0.2861666
Arsenal,Wolverhampton Wanderers,0.43658036,0.27725303,0.2861666
Arsenal,Burnley,0.43658036,0.27725303,0.2861666
Arsenal,Blackpool,0.43658036,0.27725303,0.2861666
Arsenal,Norwich City,0.43658036,0.27725303,0.2861666
Arsenal,Swansea City,0.43658036,0.27725303,0.2861666
Arsenal,Queens Park Rangers,0.43658036,0.27725303,0.2861666
Arsenal,Southampton,0.43658036,0.27725303,0.2861666
Arsenal,Crystal Palace,0.43658036,0.27725303,0.2861666
Arsenal,Cardiff City,0.43658036,0.27725303,0.2861666
Arsenal,Leicester City,0.43658036,0.27725303,0.2861666
Arsenal,AFC Bournemouth,0.43658036,0.27725303,0.2861666
Tottenham Hotspur,Manchester United,0.43658036,0.27725303,0.2861666
Tottenham Hotspur,Chelsea,0.43658036,0.27725303,0.2861666
Tottenham Hotspur,Liverpool,0.43658036,0.27725303,0.2861666
Tottenham Hotspur,Arsenal,0.43658036,0.27725303,0.2861666
Tottenham Hotspur,Bolton Wanderers,0.43658036,0.27725303,0.2861666
Tottenham Hotspur,Reading,0.43658036,0.27725303,0.2861666
Tottenham Hotspur,Blackburn Rovers,0.43658036,0.27725303,0.2861666
Tottenham Hotspur,Everton,0.43658036,0.27725303,0.2861666
Tottenham Hotspur,Portsmouth,0.43658036,0.27725303,0.2861666
Tottenham Hotspur,Middlesbrough,0.43658036,0.27725303,0.2861666
Tottenham Hotspur,West Ham United,0.43658036,0.27725303,0.2861666
Tottenham Hotspur,Aston Villa,0.43658036,0.27725303,0.2861666
Tottenham Hotspur,Manchester City,0.43658036,0.27725303,0.2861666
Tottenham Hotspur,Newcastle United,0.43658036,0.27725303,0.2861666
Tottenham Hotspur,Sheffield United,0.43658036,0.27725303,0.2861666
Tottenham Hotspur,Wigan Athletic,0.43658036,0.27725303,0.2861666
Tottenham Hotspur,Charlton Athletic,0.43658036,0.27725303,0.2861666
Tottenham Hotspur,Fulham,0.43658036,0.27725303,0.2861666
Tottenham Hotspur,Watford,0.43658036,0.27725303,0.2861666
Tottenham Hotspur,Sunderland,0.43658036,0.27725303,0.2861666
Tottenham Hotspur,Birmingham City,0.43658036,0.27725303,0.2861666
Tottenham Hotspur,Derby County,0.43658036,0.27725303,0.2861666
Tottenham Hotspur,Stoke City,0.43658036,0.27725303,0.2861666
Tottenham Hotspur,Hull City,0.43658036,0.27725303,0.2861666
Tottenham Hotspur,West Bromwich Albion,0.43658036,0.27725303,0.2861666
Tottenham Hotspur,Wolverhampton Wanderers,0.43658036,0.27725303,0.2861666
Tottenham Hotspur,Burnley,0.43658036,0.27725303,0.2861666
Tottenham Hotspur,Blackpool,0.43658036,0.27725303,0.2861666
Tottenham Hotspur,Norwich City,0.43658036,0.27725303,0.2861666
Tottenham Hotspur,Swansea City,0.43658036,0.27725303,0.2861666
Tottenham Hotspur,Queens Park Rangers,0.43658036,0.27725303,0.2861666
Tottenham Hotspur,Southampton,0.43658036,0.27725303,0.2861666
Tottenham Hotspur,Crystal Palace,0.43658036,0.27725303,0.2861666
Tottenham Hotspur,Cardiff City,0.43658036,0.27725303,0.2861666
Tottenham Hotspur,Leicester City,0.43658036,0.27725303,0.2861666
Tottenham Hotspur,AFC Bournemouth,0.43658036,0.27725303,0.2861666
Bolton Wanderers,Manchester United,0.43658036,0.27725303,0.2861666
Bolton Wanderers,Chelsea,0.43658036,0.27725303,0.2861666
Bolton Wanderers,Liverpool,0.43658036,0.27725303,0.2861666
Bolton Wanderers,Arsenal,0.43658036,0.27725303,0.2861666
Bolton Wanderers,Tottenham Hotspur,0.43658036,0.27725303,0.2861666
Bolton Wanderers,Reading,0.43658036,0.27725303,0.2861666
Bolton Wanderers,Blackburn Rovers,0.43658036,0.27725303,0.2861666
Bolton Wanderers,Everton,0.43658036,0.27725303,0.2861666
Bolton Wanderers,Portsmouth,0.43658036,0.27725303,0.2861666
Bolton Wanderers,Middlesbrough,0.43658036,0.27725303,0.2861666
Bolton Wanderers,West Ham United,0.43658036,0.27725303,0.2861666
Bolton Wanderers,Aston Villa,0.43658036,0.27725303,0.2861666
Bolton Wanderers,Manchester City,0.43658036,0.27725303,0.2861666
Bolton Wanderers,Newcastle United,0.43658036,0.27725303,0.2861666
Bolton Wanderers,Sheffield United,0.43658036,0.27725303,0.2861666
Bolton Wanderers,Wigan Athletic,0.43658036,0.27725303,0.2861666
Bolton Wanderers,Charlton Athletic,0.43658036,0.27725303,0.2861666
Bolton Wanderers,Fulham,0.43658036,0.27725303,0.2861666
Bolton Wanderers,Watford,0.43658036,0.27725303,0.2861666
Bolton Wanderers,Sunderland,0.43658036,0.27725303,0.2861666
Bolton Wanderers,Birmingham City,0.43658036,0.27725303,0.2861666
Bolton Wanderers,Derby County,0.43658036,0.27725303,0.2861666
Bolton Wanderers,Stoke City,0.43658036,0.27725303,0.2861666
Bolton Wanderers,Hull City,0.43658036,0.27725303,0.2861666
Bolton Wanderers,West Bromwich Albion,0.43658036,0.27725303,0.2861666
Bolton Wanderers,Wolverhampton Wanderers,0.43658036,0.27725303,0.2861666
Bolton Wanderers,Burnley,0.43658036,0.27725303,0.2861666
Bolton Wanderers,Blackpool,0.43658036,0.27725303,0.2861666
Bolton Wanderers,Norwich City,0.43658036,0.27725303,0.2861666
Bolton Wanderers,Swansea City,0.43658036,0.27725303,0.2861666
Bolton Wanderers,Queens Park Rangers,0.43658036,0.27725303,0.2861666
Bolton Wanderers,Southampton,0.43658036,0.27725303,0.2861666
Bolton Wanderers,Crystal Palace,0.43658036,0.27725303,0.2861666
Bolton Wanderers,Cardiff City,0.43658036,0.27725303,0.2861666
Bolton Wanderers,Leicester City,0.43658036,0.27725303,0.2861666
Bolton Wanderers,AFC Bournemouth,0.43658036,0.27725303,0.2861666
Reading,Manchester United,0.43658036,0.27725303,0.2861666
Reading,Chelsea,0.43658036,0.27725303,0.2861666
Reading,Liverpool,0.43658036,0.27725303,0.2861666
Reading,Arsenal,0.43658036,0.27725303,0.2861666
Reading,Tottenham Hotspur,0.43658036,0.27725303,0.2861666
Reading,Bolton Wanderers,0.43658036,0.27725303,0.2861666
Reading,Blackburn Rovers,0.43658036,0.27725303,0.2861666
Reading,Everton,0.43658036,0.27725303,0.2861666
Reading,Portsmouth,0.43658036,0.27725303,0.2861666
Reading,Middlesbrough,0.43658036,0.27725303,0.2861666
Reading,West Ham United,0.43658036,0.27725303,0.2861666
Reading,Aston Villa,0.43658036,0.27725303,0.2861666
Reading,Manchester City,0.43658036,0.27725303,0.2861666
Reading,Newcastle United,0.43658036,0.27725303,0.2861666
Reading,Sheffield United,0.43658036,0.27725303,0.2861666
Reading,Wigan Athletic,0.43658036,0.27725303,0.2861666
Reading,Charlton Athletic,0.43658036,0.27725303,0.2861666
Reading,Fulham,0.43658036,0.27725303,0.2861666
Reading,Watford,0.43658036,0.27725303,0.2861666
Reading,Sunderland,0.43658036,0.27725303,0.2861666
Reading,Birmingham City,0.43658036,0.27725303,0.2861666
Reading,Derby County,0.43658036,0.27725303,0.2861666
Reading,Stoke City,0.43658036,0.27725303,0.2861666
Reading,Hull City,0.43658036,0.27725303,0.2861666
Reading,West Bromwich Albion,0.43658036,0.27725303,0.2861666
Reading,Wolverhampton Wanderers,0.43658036,0.27725303,0.2861666
Reading,Burnley,0.43658036,0.27725303,0.2861666
Reading,Blackpool,0.43658036,0.27725303,0.2861666
Reading,Norwich City,0.43658036,0.27725303,0.2861666
Reading,Swansea City,0.43658036,0.27725303,0.2861666
Reading,Queens Park Rangers,0.43658036,0.27725303,0.2861666
Reading,Southampton,0.43658036,0.27725303,0.2861666
Reading,Crystal Palace,0.43658036,0.27725303,0.2861666
Reading,Cardiff City,0.43658036,0.27725303,0.2861666
Reading,Leicester City,0.43658036,0.27725303,0.2861666
Reading,AFC Bournemouth,0.43658036,0.27725303,0.2861666
Blackburn Rovers,Manchester United,0.43658036,0.27725303,0.2861666
Blackburn Rovers,Chelsea,0.43658036,0.27725303,0.2861666
Blackburn Rovers,Liverpool,0.43658036,0.27725303,0.2861666
Blackburn Rovers,Arsenal,0.43658036,0.27725303,0.2861666
Blackburn Rovers,Tottenham Hotspur,0.43658036,0.27725303,0.2861666
Blackburn Rovers,Bolton Wanderers,0.43658036,0.27725303,0.2861666
Blackburn Rovers,Reading,0.43658036,0.27725303,0.2861666
Blackburn Rovers,Everton,0.43658036,0.27725303,0.2861666
Blackburn Rovers,Portsmouth,0.43658036,0.27725303,0.2861666
Blackburn Rovers,Middlesbrough,0.43658036,0.27725303,0.2861666
Blackburn Rovers,West Ham United,0.43658036,0.27725303,0.2861666
Blackburn Rovers,Aston Villa,0.43658036,0.27725303,0.2861666
Blackburn Rovers,Manchester City,0.43658036,0.27725303,0.2861666
Blackburn Rovers,Newcastle United,0.43658036,0.27725303,0.2861666
Blackburn Rovers,Sheffield United,0.43658036,0.27725303,0.2861666
Blackburn Rovers,Wigan Athletic,0.43658036,0.27725303,0.2861666
Blackburn Rovers,Charlton Athletic,0.43658036,0.27725303,0.2861666
Blackburn Rovers,Fulham,0.43658036,0.27725303,0.2861666
Blackburn Rovers,Watford,0.43658036,0.27725303,0.2861666
Blackburn Rovers,Sunderland,0.43658036,0.27725303,0.2861666
Blackburn Rovers,Birmingham City,0.43658036,0.27725303,0.2861666
Blackburn Rovers,Derby County,0.43658036,0.27725303,0.2861666
Blackburn Rovers,Stoke City,0.43658036,0.27725303,0.2861666
Blackburn Rovers,Hull City,0.43658036,0.27725303,0.2861666
Blackburn Rovers,West Bromwich Albion,0.43658036,0.27725303,0.2861666
Blackburn Rovers,Wolverhampton Wanderers,0.43658036,0.27725303,0.2861666
Blackburn Rovers,Burnley,0.43658036,0.27725303,0.2861666
Blackburn Rovers,Blackpool,0.43658036,0.27725303,0.2861666
Blackburn Rovers,Norwich City,0.43658036,0.27725303,0.2861666
Blackburn Rovers,Swansea City,0.43658036,0.27725303,0.2861666
Blackburn Rovers,Queens Park Rangers,0.43658036,0.27725303,0.2861666
Blackburn Rovers,Southampton,0.43658036,0.27725303,0.2861666
Blackburn Rovers,Crystal Palace,0.43658036,0.27725303,0.2861666
Blackburn Rovers,Cardiff City,0.43658036,0.27725303,0.2861666
Blackburn Rovers,Leicester City,0.43658036,0.27725303,0.2861666
Blackburn Rovers,AFC Bournemouth,0.43658036,0.27725303,0.2861666
Everton,Manchester United,0.43658036,0.27725303,0.2861666
Everton,Chelsea,0.43658036,0.27725303,0.2861666
Everton,Liverpool,0.43658036,0.27725303,0.2861666
Everton,Arsenal,0.43658036,0.27725303,0.2861666
Everton,Tottenham Hotspur,0.43658036,0.27725303,0.2861666
Everton,Bolton Wanderers,0.43658036,0.27725303,0.2861666
Everton,Reading,0.43658036,0.27725303,0.2861666
Everton,Blackburn Rovers,0.43658036,0.27725303,0.2861666
Everton,Portsmouth,0.43658036,0.27725303,0.2861666
Everton,Middlesbrough,0.43658036,0.27725303,0.2861666
Everton,West Ham United,0.43658036,0.27725303,0.2861666
Everton,Aston Villa,0.43658036,0.27725303,0.2861666
Everton,Manchester City,0.43658036,0.27725303,0.2861666
Everton,Newcastle United,0.43658036,0.27725303,0.2861666
Everton,Sheffield United,0.43658036,0.27725303,0.2861666
Everton,Wigan Athletic,0.43658036,0.27725303,0.2861666
Everton,Charlton Athletic,0.43658036,0.27725303,0.2861666
Everton,Fulham,0.43658036,0.27725303,0.2861666
Everton,Watford,0.43658036,0.27725303,0.2861666
Everton,Sunderland,0.43658036,0.27725303,0.2861666
Everton,Birmingham City,0.43658036,0.27725303,0.2861666
Everton,Derby County,0.43658036,0.27725303,0.2861666
Everton,Stoke City,0.43658036,0.27725303,0.2861666
Everton,Hull City,0.43658036,0.27725303,0.2861666
Everton,West Bromwich Albion,0.43658036,0.27725303,0.2861666
Everton,Wolverhampton Wanderers,0.43658036,0.27725303,0.2861666
Everton,Burnley,0.43658036,0.27725303,0.2861666
Everton,Blackpool,0.43658036,0.27725303,0.2861666
Everton,Norwich City,0.43658036,0.27725303,0.2861666
Everton,Swansea City,0.43658036,0.27725303,0.2861666
Everton,Queens Park Rangers,0.43658036,0.27725303,0.2861666
Everton,Southampton,0.43658036,0.27725303,0.2861666
Everton,Crystal Palace,0.43658036,0.27725303,0.2861666
Everton,Cardiff City,0.43658036,0.27725303,0.2861666
Everton,Leicester City,0.43658036,0.27725303,0.2861666
Everton,AFC Bournemouth,0.43658036,0.27725303,0.2861666
Portsmouth,Manchester United,0.43658036,0.27725303,0.2861666
Portsmouth,Chelsea,0.43658036,0.27725303,0.2861666
Portsmouth,Liverpool,0.43658036,0.27725303,0.2861666
Portsmouth,Arsenal,0.43658036,0.27725303,0.2861666
Portsmouth,Tottenham Hotspur,0.43658036,0.27725303,0.2861666
Portsmouth,Bolton Wanderers,0.43658036,0.27725303,0.2861666
Portsmouth,Reading,0.43658036,0.27725303,0.2861666
Portsmouth,Blackburn Rovers,0.43658036,0.27725303,0.2861666
Portsmouth,Everton,0.43658036,0.27725303,0.2861666
Portsmouth,Middlesbrough,0.43658036,0.27725303,0.2861666
Portsmouth,West Ham United,0.43658036,0.27725303,0.2861666
Portsmouth,Aston Villa,0.43658036,0.27725303,0.2861666
Portsmouth,Manchester City,0.43658036,0.27725303,0.2861666
Portsmouth,Newcastle United,0.43658036,0.27725303,0.2861666
Portsmouth,Sheffield United,0.43658036,0.27725303,0.2861666
Portsmouth,Wigan Athletic,0.43658036,0.27725303,0.2861666
Portsmouth,Charlton Athletic,0.43658036,0.27725303,0.2861666
Portsmouth,Fulham,0.43658036,0.27725303,0.2861666
Portsmouth,Watford,0.43658036,0.27725303,0.2861666
Portsmouth,Sunderland,0.43658036,0.27725303,0.2861666
Portsmouth,Birmingham City,0.43658036,0.27725303,0.2861666
Portsmouth,Derby County,0.43658036,0.27725303,0.2861666
Portsmouth,Stoke City,0.43658036,0.27725303,0.2861666
Portsmouth,Hull City,0.43658036,0.27725303,0.2861666
Portsmouth,West Bromwich Albion,0.43658036,0.27725303,0.2861666
Portsmouth,Wolverhampton Wanderers,0.43658036,0.27725303,0.2861666
Portsmouth,Burnley,0.43658036,0.27725303,0.2861666
Portsmouth,Blackpool,0.43658036,0.27725303,0.2861666
Portsmouth,Norwich City,0.43658036,0.27725303,0.2861666
Portsmouth,Swansea City,0.43658036,0.27725303,0.2861666
Portsmouth,Queens Park Rangers,0.43658036,0.27725303,0.2861666
Portsmouth,Southampton,0.43658036,0.27725303,0.2861666
Portsmouth,Crystal Palace,0.43658036,0.27725303,0.2861666
Portsmouth,Cardiff City,0.43658036,0.27725303,0.2861666
Portsmouth,Leicester City,0.43658036,0.27725303,0.2861666
Portsmouth,AFC Bournemouth,0.43658036,0.27725303,0.2861666
Middlesbrough,Manchester United,0.43658036,0.27725303,0.2861666
Middlesbrough,Chelsea,0.43658036,0.27725303,0.2861666
Middlesbrough,Liverpool,0.43658036,0.27725303,0.2861666
Middlesbrough,Arsenal,0.43658036,0.27725303,0.2861666
Middlesbrough,Tottenham Hotspur,0.43658036,0.27725303,0.2861666
Middlesbrough,Bolton Wanderers,0.43658036,0.27725303,0.2861666
Middlesbrough,Reading,0.43658036,0.27725303,0.2861666
Middlesbrough,Blackburn Rovers,0.43658036,0.27725303,0.2861666
Middlesbrough,Everton,0.43658036,0.27725303,0.2861666
Middlesbrough,Portsmouth,0.43658036,0.27725303,0.2861666
Middlesbrough,West Ham United,0.43658036,0.27725303,0.2861666
Middlesbrough,Aston Villa,0.43658036,0.27725303,0.2861666
Middlesbrough,Manchester City,0.43658036,0.27725303,0.2861666
Middlesbrough,Newcastle United,0.43658036,0.27725303,0.2861666
Middlesbrough,Sheffield United,0.43658036,0.27725303,0.2861666
Middlesbrough,Wigan Athletic,0.43658036,0.27725303,0.2861666
Middlesbrough,Charlton Athletic,0.43658036,0.27725303,0.2861666
Middlesbrough,Fulham,0.43658036,0.27725303,0.2861666
Middlesbrough,Watford,0.43658036,0.27725303,0.2861666
Middlesbrough,Sunderland,0.43658036,0.27725303,0.2861666
Middlesbrough,Birmingham City,0.43658036,0.27725303,0.2861666
Middlesbrough,Derby County,0.43658036,0.27725303,0.2861666
Middlesbrough,Stoke City,0.43658036,0.27725303,0.2861666
Middlesbrough,Hull City,0.43658036,0.27725303,0.2861666
Middlesbrough,West Bromwich Albion,0.43658036,0.27725303,0.2861666
Middlesbrough,Wolverhampton Wanderers,0.43658036,0.27725303,0.2861666
Middlesbrough,Burnley,0.43658036,0.27725303,0.2861666
Middlesbrough,Blackpool,0.43658036,0.27725303,0.2861666
Middlesbrough,Norwich City,0.43658036,0.27725303,0.2861666
Middlesbrough,Swansea City,0.43658036,0.27725303,0.2861666
Middlesbrough,Queens Park Rangers,0.43658036,0.27725303,0.2861666
Middlesbrough,Southampton,0.43658036,0.27725303,0.2861666
Middlesbrough,Crystal Palace,0.43658036,0.27725303,0.2861666
Middlesbrough,Cardiff City,0.43658036,0.27725303,0.2861666
Middlesbrough,Leicester City,0.43658036,0.27725303,0.2861666
Middlesbrough,AFC Bournemouth,0.43658036,0.27725303,0.2861666
West Ham United,Manchester United,0.43658036,0.27725303,0.2861666
West Ham United,Chelsea,0.43658036,0.27725303,0.2861666
West Ham United,Liverpool,0.43658036,0.27725303,0.2861666
West Ham United,Arsenal,0.43658036,0.27725303,0.2861666
West Ham United,Tottenham Hotspur,0.43658036,0.27725303,0.2861666
West Ham United,Bolton Wanderers,0.43658036,0.27725303,0.2861666
West Ham United,Reading,0.43658036,0.27725303,0.2861666
West Ham United,Blackburn Rovers,0.43658036,0.27725303,0.2861666
West Ham United,Everton,0.43658036,0.27725303,0.2861666
West Ham United,Portsmouth,0.43658036,0.27725303,0.2861666
West Ham United,Middlesbrough,0.43658036,0.27725303,0.2861666
West Ham United,Aston Villa,0.43658036,0.27725303,0.2861666
West Ham United,Manchester City,0.43658036,0.27725303,0.2861666
West Ham United,Newcastle United,0.43658036,0.27725303,0.2861666
West Ham United,Sheffield United,0.43658036,0.27725303,0.2861666
West Ham United,Wigan Athletic,0.43658036,0.27725303,0.2861666
West Ham United,Charlton Athletic,0.43658036,0.27725303,0.2861666
West Ham United,Fulham,0.43658036,0.27725303,0.2861666
West Ham United,Watford,0.43658036,0.27725303,0.2861666
West Ham United,Sunderland,0.43658036,0.27725303,0.2861666
West Ham United,Birmingham City,0.43658036,0.27725303,0.2861666
West Ham United,Derby County,0.43658036,0.27725303,0.2861666
West Ham United,Stoke City,0.43658036,0.27725303,0.2861666
West Ham United,Hull City,0.43658036,0.27725303,0.2861666
West Ham United,West Bromwich Albion,0.43658036,0.27725303,0.2861666
West Ham United,Wolverhampton Wanderers,0.43658036,0.27725303,0.2861666
West Ham United,Burnley,0.43658036,0.27725303,0.2861666
West Ham United,Blackpool,0.43658036,0.27725303,0.2861666
West Ham United,Norwich City,0.43658036,0.27725303,0.2861666
West Ham United,Swansea City,0.43658036,0.27725303,0.2861666
West Ham United,Queens Park Rangers,0.43658036,0.27725303,0.2861666
West Ham United,Southampton,0.43658036,0.27725303,0.2861666
West Ham United,Crystal Palace,0.43658036,0.27725303,0.2861666
West Ham United,Cardiff City,0.43658036,0.27725303,0.2861666
West Ham United,Leicester City,0.43658036,0.27725303,0.2861666
West Ham United,AFC Bournemouth,0.43658036,0.27725303,0.2861666
Aston Villa,Manchester United,0.43658036,0.27725303,0.2861666
Aston Villa,Chelsea,0.43658036,0.27725303,0.2861666
Aston Villa,Liverpool,0.43658036,0.27725303,0.2861666
Aston Villa,Arsenal,0.43658036,0.27725303,0.2861666
Aston Villa,Tottenham Hotspur,0.43658036,0.27725303,0.2861666
Aston Villa,Bolton Wanderers,0.43658036,0.27725303,0.2861666
Aston Villa,Reading,0.43658036,0.27725303,0.2861666
Aston Villa,Blackburn Rovers,0.43658036,0.27725303,0.2861666
Aston Villa,Everton,0.43658036,0.27725303,0.2861666
Aston Villa,Portsmouth,0.43658036,0.27725303,0.2861666
Aston Villa,Middlesbrough,0.43658036,0.27725303,0.2861666
Aston Villa,West Ham United,0.43658036,0.27725303,0.2861666
Aston Villa,Manchester City,0.43658036,0.27725303,0.2861666
Aston Villa,Newcastle United,0.43658036,0.27725303,0.2861666
Aston Villa,Sheffield United,0.43658036,0.27725303,0.2861666
Aston Villa,Wigan Athletic,0.43658036,0.27725303,0.2861666
Aston Villa,Charlton Athletic,0.43658036,0.27725303,0.2861666
Aston Villa,Fulham,0.43658036,0.27725303,0.2861666
Aston Villa,Watford,0.43658036,0.27725303,0.2861666
Aston Villa,Sunderland,0.43658036,0.27725303,0.2861666
Aston Villa,Birmingham City,0.43658036,0.27725303,0.2861666
Aston Villa,Derby County,0.43658036,0.27725303,0.2861666
Aston Villa,Stoke City,0.43658036,0.27725303,0.2861666
Aston Villa,Hull City,0.43658036,0.27725303,0.2861666
Aston Villa,West Bromwich Albion,0.43658036,0.27725303,0.2861666
Aston Villa,Wolverhampton Wanderers,0.43658036,0.27725303,0.2861666
Aston Villa,Burnley,0.43658036,0.27725303,0.2861666
Aston Villa,Blackpool,0.43658036,0.27725303,0.2861666
Aston Villa,Norwich City,0.43658036,0.27725303,0.2861666
Aston Villa,Swansea City,0.43658036,0.27725303,0.2861666
Aston Villa,Queens Park Rangers,0.43658036,0.27725303,0.2861666
Aston Villa,Southampton,0.43658036,0.27725303,0.2861666
Aston Villa,Crystal Palace,0.43658036,0.27725303,0.2861666
Aston Villa,Cardiff City,0.43658036,0.27725303,0.2861666
Aston Villa,Leicester City,0.43658036,0.27725303,0.2861666
Aston Villa,AFC Bournemouth,0.43658036,0.27725303,0.2861666
Manchester City,Manchester United,0.43658036,0.27725303,0.2861666
Manchester City,Chelsea,0.43658036,0.27725303,0.2861666
Manchester City,Liverpool,0.43658036,0.27725303,0.2861666
Manchester City,Arsenal,0.43658036,0.27725303,0.2861666
Manchester City,Tottenham Hotspur,0.43658036,0.27725303,0.2861666
Manchester City,Bolton Wanderers,0.43658036,0.27725303,0.2861666
Manchester City,Reading,0.43658036,0.27725303,0.2861666
Manchester City,Blackburn Rovers,0.43658036,0.27725303,0.2861666
Manchester City,Everton,0.43658036,0.27725303,0.2861666
Manchester City,Portsmouth,0.43658036,0.27725303,0.2861666
Manchester City,Middlesbrough,0.43658036,0.27725303,0.2861666
Manchester City,West Ham United,0.43658036,0.27725303,0.2861666
Manchester City,Aston Villa,0.43658036,0.27725303,0.2861666
Manchester City,Newcastle United,0.43658036,0.27725303,0.2861666
Manchester City,Sheffield United,0.43658036,0.27725303,0.2861666
Manchester City,Wigan Athletic,0.43658036,0.27725303,0.2861666
Manchester City,Charlton Athletic,0.43658036,0.27725303,0.2861666
Manchester City,Fulham,0.43658036,0.27725303,0.2861666
Manchester City,Watford,0.43658036,0.27725303,0.2861666
Manchester City,Sunderland,0.43658036,0.27725303,0.2861666
Manchester City,Birmingham City,0.43658036,0.27725303,0.2861666
Manchester City,Derby County,0.43658036,0.27725303,0.2861666
Manchester City,Stoke City,0.43658036,0.27725303,0.2861666
Manchester City,Hull City,0.43658036,0.27725303,0.2861666
Manchester City,West Bromwich Albion,0.43658036,0.27725303,0.2861666
Manchester City,Wolverhampton Wanderers,0.43658036,0.27725303,0.2861666
Manchester City,Burnley,0.43658036,0.27725303,0.2861666
Manchester City,Blackpool,0.43658036,0.27725303,0.2861666
Manchester City,Norwich City,0.43658036,0.27725303,0.2861666
Manchester City,Swansea City,0.43658036,0.27725303,0.2861666
Manchester City,Queens Park Rangers,0.43658036,0.27725303,0.2861666
Manchester City,Southampton,0.43658036,0.27725303,0.2861666
Manchester City,Crystal Palace,0.43658036,0.27725303,0.2861666
Manchester City,Cardiff City,0.43658036,0.27725303,0.2861666
Manchester City,Leicester City,0.43658036,0.27725303,0.2861666
Manchester City,AFC Bournemouth,0.43658036,0.27725303,0.2861666
Newcastle United,Manchester United,0.43658036,0.27725303,0.2861666
Newcastle United,Chelsea,0.43658036,0.27725303,0.2861666
Newcastle United,Liverpool,0.43658036,0.27725303,0.2861666
Newcastle United,Arsenal,0.43658036,0.27725303,0.2861666
Newcastle United,Tottenham Hotspur,0.43658036,0.27725303,0.2861666
Newcastle United,Bolton Wanderers,0.43658036,0.27725303,0.2861666
Newcastle United,Reading,0.43658036,0.27725303,0.2861666
Newcastle United,Blackburn Rovers,0.43658036,0.27725303,0.2861666
Newcastle United,Everton,0.43658036,0.27725303,0.2861666
Newcastle United,Portsmouth,0.43658036,0.27725303,0.2861666
Newcastle United,Middlesbrough,0.43658036,0.27725303,0.2861666
Newcastle United,West Ham United,0.43658036,0.27725303,0.2861666
Newcastle United,Aston Villa,0.43658036,0.27725303,0.2861666
Newcastle United,Manchester City,0.43658036,0.27725303,0.2861666
Newcastle United,Sheffield United,0.43658036,0.27725303,0.2861666
Newcastle United,Wigan Athletic,0.43658036,0.27725303,0.2861666
Newcastle United,Charlton Athletic,0.43658036,0.27725303,0.2861666
Newcastle United,Fulham,0.43658036,0.27725303,0.2861666
Newcastle United,Watford,0.43658036,0.27725303,0.2861666
Newcastle United,Sunderland,0.43658036,0.27725303,0.2861666
Newcastle United,Birmingham City,0.43658036,0.27725303,0.2861666
Newcastle United,Derby County,0.43658036,0.27725303,0.2861666
Newcastle United,Stoke City,0.43658036,0.27725303,0.2861666
Newcastle United,Hull City,0.43658036,0.27725303,0.2861666
Newcastle United,West Bromwich Albion,0.43658036,0.27725303,0.2861666
Newcastle United,Wolverhampton Wanderers,0.43658036,0.27725303,0.2861666
Newcastle United,Burnley,0.43658036,0.27725303,0.2861666
Newcastle United,Blackpool,0.43658036,0.27725303,0.2861666
Newcastle United,Norwich City,0.43658036,0.27725303,0.2861666
Newcastle United,Swansea City,0.43658036,0.27725303,0.2861666
Newcastle United,Queens Park Rangers,0.43658036,0.27725303,0.2861666
Newcastle United,Southampton,0.43658036,0.27725303,0.2861666
Newcastle United,Crystal Palace,0.43658036,0.27725303,0.2861666
Newcastle United,Cardiff City,0.43658036,0.27725303,0.2861666
Newcastle United,Leicester City,0.43658036,0.27725303,0.2861666
Newcastle United,AFC Bournemouth,0.43658036,0.27725303,0.2861666
Sheffield United,Manchester United,0.43658036,0.27725303,0.2861666
Sheffield United,Chelsea,0.43658036,0.27725303,0.2861666
Sheffield United,Liverpool,0.43658036,0.27725303,0.2861666
Sheffield United,Arsenal,0.43658036,0.27725303,0.2861666
Sheffield United,Tottenham Hotspur,0.43658036,0.27725303,0.2861666
Sheffield United,Bolton Wanderers,0.43658036,0.27725303,0.2861666
Sheffield United,Reading,0.43658036,0.27725303,0.2861666
Sheffield United,Blackburn Rovers,0.43658036,0.27725303,0.2861666
Sheffield United,Everton,0.43658036,0.27725303,0.2861666
Sheffield United,Portsmouth,0.43658036,0.27725303,0.2861666
Sheffield United,Middlesbrough,0.43658036,0.27725303,0.2861666
Sheffield United,West Ham United,0.43658036,0.27725303,0.2861666
Sheffield United,Aston Villa,0.43658036,0.27725303,0.2861666
Sheffield United,Manchester City,0.43658036,0.27725303,0.2861666
Sheffield United,Newcastle United,0.43658036,0.27725303,0.2861666
Sheffield United,Wigan Athletic,0.43658036,0.27725303,0.2861666
Sheffield United,Charlton Athletic,0.43658036,0.27725303,0.2861666
Sheffield United,Fulham,0.43658036,0.27725303,0.2861666
Sheffield United,Watford,0.43658036,0.27725303,0.2861666
Sheffield United,Sunderland,0.43658036,0.27725303,0.2861666
Sheffield United,Birmingham City,0.43658036,0.27725303,0.2861666
Sheffield United,Derby County,0.43658036,0.27725303,0.2861666
Sheffield United,Stoke City,0.43658036,0.27725303,0.2861666
Sheffield United,Hull City,0.43658036,0.27725303,0.2861666
Sheffield United,West Bromwich Albion,0.43658036,0.27725303,0.2861666
Sheffield United,Wolverhampton Wanderers,0.43658036,0.27725303,0.2861666
Sheffield United,Burnley,0.43658036,0.27725303,0.2861666
Sheffield United,Blackpool,0.43658036,0.27725303,0.2861666
Sheffield United,Norwich City,0.43658036,0.27725303,0.2861666
Sheffield United,Swansea City,0.43658036,0.27725303,0.2861666
Sheffield United,Queens Park Rangers,0.43658036,0.27725303,0.2861666
Sheffield United,Southampton,0.43658036,0.27725303,0.2861666
Sheffield United,Crystal Palace,0.43658036,0.27725303,0.2861666
Sheffield United,Cardiff City,0.43658036,0.27725303,0.2861666
Sheffield United,Leicester City,0.43658036,0.27725303,0.2861666
Sheffield United,AFC Bournemouth,0.43658036,0.27725303,0.2861666
Wigan Athletic,Manchester United,0.43658036,0.27725303,0.2861666
Wigan Athletic,Chelsea,0.43658036,0.27725303,0.2861666
Wigan Athletic,Liverpool,0.43658036,0.27725303,0.2861666
Wigan Athletic,Arsenal,0.43658036,0.27725303,0.2861666
Wigan Athletic,Tottenham Hotspur,0.43658036,0.27725303,0.2861666
Wigan Athletic,Bolton Wanderers,0.43658036,0.27725303,0.2861666
Wigan Athletic,Reading,0.43658036,0.27725303,0.2861666
Wigan Athletic,Blackburn Rovers,0.43658036,0.27725303,0.2861666
Wigan Athletic,Everton,0.43658036,0.27725303,0.2861666
Wigan Athletic,Portsmouth,0.43658036,0.27725303,0.2861666
Wigan Athletic,Middlesbrough,0.43658036,0.27725303,0.2861666
Wigan Athletic,West Ham United,0.43658036,0.27725303,0.2861666
Wigan Athletic,Aston Villa,0.43658036,0.27725303,0.2861666
Wigan Athletic,Manchester City,0.43658036,0.27725303,0.2861666
Wigan Athletic,Newcastle United,0.43658036,0.27725303,0.2861666
Wigan Athletic,Sheffield United,0.43658036,0.27725303,0.2861666
Wigan Athletic,Charlton Athletic,0.43658036,0.27725303,0.2861666
Wigan Athletic,Fulham,0.43658036,0.27725303,0.2861666
Wigan Athletic,Watford,0.43658036,0.27725303,0.2861666
Wigan Athletic,Sunderland,0.43658036,0.27725303,0.2861666
Wigan Athletic,Birmingham City,0.43658036,0.27725303,0.2861666
Wigan Athletic,Derby County,0.43658036,0.27725303,0.2861666
Wigan Athletic,Stoke City,0.43658036,0.27725303,0.2861666
Wigan Athletic,Hull City,0.43658036,0.27725303,0.2861666
Wigan Athletic,West Bromwich Albion,0.43658036,0.27725303,0.2861666
Wigan Athletic,Wolverhampton Wanderers,0.43658036,0.27725303,0.2861666
Wigan Athletic,Burnley,0.43658036,0.27725303,0.2861666
Wigan Athletic,Blackpool,0.43658036,0.27725303,0.2861666
Wigan Athletic,Norwich City,0.43658036,0.27725303,0.2861666
Wigan Athletic,Swansea City,0.43658036,0.27725303,0.2861666
Wigan Athletic,Queens Park Rangers,0.43658036,0.27725303,0.2861666
Wigan Athletic,Southampton,0.43658036,0.27725303,0.2861666
Wigan Athletic,Crystal Palace,0.43658036,0.27725303,0.2861666
Wigan Athletic,Cardiff City,0.43658036,0.27725303,0.2861666
Wigan Athletic,Leicester City,0.43658036,0.27725303,0.2861666
Wigan Athletic,AFC Bournemouth,0.43658036,0.27725303,0.2861666
Charlton Athletic,Manchester United,0.43658036,0.27725303,0.2861666
Charlton Athletic,Chelsea,0.43658036,0.27725303,0.2861666
Charlton Athletic,Liverpool,0.43658036,0.27725303,0.2861666
Charlton Athletic,Arsenal,0.43658036,0.27725303,0.2861666
Charlton Athletic,Tottenham Hotspur,0.43658036,0.27725303,0.2861666
Charlton Athletic,Bolton Wanderers,0.43658036,0.27725303,0.2861666
Charlton Athletic,Reading,0.43658036,0.27725303,0.2861666
Charlton Athletic,Blackburn Rovers,0.43658036,0.27725303,0.2861666
Charlton Athletic,Everton,0.43658036,0.27725303,0.2861666
Charlton Athletic,Portsmouth,0.43658036,0.27725303,0.2861666
Charlton Athletic,Middlesbrough,0.43658036,0.27725303,0.2861666
Charlton Athletic,West Ham United,0.43658036,0.27725303,0.2861666
Charlton Athletic,Aston Villa,0.43658036,0.27725303,0.2861666
Charlton Athletic,Manchester City,0.43658036,0.27725303,0.2861666
Charlton Athletic,Newcastle United,0.43658036,0.27725303,0.2861666
Charlton Athletic,Sheffield United,0.43658036,0.27725303,0.2861666
Charlton Athletic,Wigan Athletic,0.43658036,0.27725303,0.2861666
Charlton Athletic,Fulham,0.43658036,0.27725303,0.2861666
Charlton Athletic,Watford,0.43658036,0.27725303,0.2861666
Charlton Athletic,Sunderland,0.43658036,0.27725303,0.2861666
Charlton Athletic,Birmingham City,0.43658036,0.27725303,0.2861666
Charlton Athletic,Derby County,0.43658036,0.27725303,0.2861666
Charlton Athletic,Stoke City,0.43658036,0.27725303,0.2861666
Charlton Athletic,Hull City,0.43658036,0.27725303,0.2861666
Charlton Athletic,West Bromwich Albion,0.43658036,0.27725303,0.2861666
Charlton Athletic,Wolverhampton Wanderers,0.43658036,0.27725303,0.2861666
Charlton Athletic,Burnley,0.43658036,0.27725303,0.2861666
Charlton Athletic,Blackpool,0.43658036,0.27725303,0.2861666
Charlton Athletic,Norwich City,0.43658036,0.27725303,0.2861666
Charlton Athletic,Swansea City,0.43658036,0.27725303,0.2861666
Charlton Athletic,Queens Park Rangers,0.43658036,0.27725303,0.2861666
Charlton Athletic,Southampton,0.43658036,0.27725303,0.2861666
Charlton Athletic,Crystal Palace,0.43658036,0.27725303,0.2861666
Charlton Athletic,Cardiff City,0.43658036,0.27725303,0.2861666
Charlton Athletic,Leicester City,0.43658036,0.27725303,0.2861666
Charlton Athletic,AFC Bournemouth,0.43658036,0.27725303,0.2861666
Fulham,Manchester United,0.43658036,0.27725303,0.2861666
Fulham,Chelsea,0.43658036,0.27725303,0.2861666
Fulham,Liverpool,0.43658036,0.27725303,0.2861666
Fulham,Arsenal,0.43658036,0.27725303,0.2861666
Fulham,Tottenham Hotspur,0.43658036,0.27725303,0.2861666
Fulham,Bolton Wanderers,0.43658036,0.27725303,0.2861666
Fulham,Reading,0.43658036,0.27725303,0.2861666
Fulham,Blackburn Rovers,0.43658036,0.27725303,0.2861666
Fulham,Everton,0.43658036,0.27725303,0.2861666
Fulham,Portsmouth,0.43658036,0.27725303,0.2861666
Fulham,Middlesbrough,0.43658036,0.27725303,0.2861666
Fulham,West Ham United,0.43658036,0.27725303,0.2861666
Fulham,Aston Villa,0.43658036,0.27725303,0.2861666
Fulham,Manchester City,0.43658036,0.27725303,0.2861666
Fulham,Newcastle United,0.43658036,0.27725303,0.2861666
Fulham,Sheffield United,0.43658036,0.27725303,0.2861666
Fulham,Wigan Athletic,0.43658036,0.27725303,0.2861666
Fulham,Charlton Athletic,0.43658036,0.27725303,0.2861666
Fulham,Watford,0.43658036,0.27725303,0.2861666
Fulham,Sunderland,0.43658036,0.27725303,0.2861666
Fulham,Birmingham City,0.43658036,0.27725303,0.2861666
Fulham,Derby County,0.43658036,0.27725303,0.2861666
Fulham,Stoke City,0.43658036,0.27725303,0.2861666
Fulham,Hull City,0.43658036,0.27725303,0.2861666
Fulham,West Bromwich Albion,0.43658036,0.27725303,0.2861666
Fulham,Wolverhampton Wanderers,0.43658036,0.27725303,0.2861666
Fulham,Burnley,0.43658036,0.27725303,0.2861666
Fulham,Blackpool,0.43658036,0.27725303,0.2861666
Fulham,Norwich City,0.43658036,0.27725303,0.2861666
Fulham,Swansea City,0.43658036,0.27725303,0.2861666
Fulham,Queens Park Rangers,0.43658036,0.27725303,0.2861666
Fulham,Southampton,0.43658036,0.27725303,0.2861666
Fulham,Crystal Palace,0.43658036,0.27725303,0.2861666
Fulham,Cardiff City,0.43658036,0.27725303,0.2861666
Fulham,Leicester City,0.43658036,0.27725303,0.2861666
Fulham,AFC Bournemouth,0.43658036,0.27725303,0.2861666
Watford,Manchester United,0.43658036,0.27725303,0.2861666
Watford,Chelsea,0.43658036,0.27725303,0.2861666
Watford,Liverpool,0.43658036,0.27725303,0.2861666
Watford,Arsenal,0.43658036,0.27725303,0.2861666
Watford,Tottenham Hotspur,0.43658036,0.27725303,0.2861666
Watford,Bolton Wanderers,0.43658036,0.27725303,0.2861666
Watford,Reading,0.43658036,0.27725303,0.2861666
Watford,Blackburn Rovers,0.43658036,0.27725303,0.2861666
Watford,Everton,0.43658036,0.27725303,0.2861666
Watford,Portsmouth,0.43658036,0.27725303,0.2861666
Watford,Middlesbrough,0.43658036,0.27725303,0.2861666
Watford,West Ham United,0.43658036,0.27725303,0.2861666
Watford,Aston Villa,0.43658036,0.27725303,0.2861666
Watford,Manchester City,0.43658036,0.27725303,0.2861666
Watford,Newcastle United,0.43658036,0.27725303,0.2861666
Watford,Sheffield United,0.43658036,0.27725303,0.2861666
Watford,Wigan Athletic,0.43658036,0.27725303,0.2861666
Watford,Charlton Athletic,0.43658036,0.27725303,0.2861666
Watford,Fulham,0.43658036,0.27725303,0.2861666
Watford,Sunderland,0.43658036,0.27725303,0.2861666
Watford,Birmingham City,0.43658036,0.27725303,0.2861666
Watford,Derby County,0.43658036,0.27725303,0.2861666
Watford,Stoke City,0.43658036,0.27725303,0.2861666
Watford,Hull City,0.43658036,0.27725303,0.2861666
Watford,West Bromwich Albion,0.43658036,0.27725303,0.2861666
Watford,Wolverhampton Wanderers,0.43658036,0.27725303,0.2861666
Watford,Burnley,0.43658036,0.27725303,0.2861666
Watford,Blackpool,0.43658036,0.27725303,0.2861666
Watford,Norwich City,0.43658036,0.27725303,0.2861666
Watford,Swansea City,0.43658036,0.27725303,0.2861666
Watford,Queens Park Rangers,0.43658036,0.27725303,0.2861666
Watford,Southampton,0.43658036,0.27725303,0.2861666
Watford,Crystal Palace,0.43658036,0.27725303,0.2861666
Watford,Cardiff City,0.43658036,0.27725303,0.2861666
Watford,Leicester City,0.43658036,0.27725303,0.2861666
Watford,AFC Bournemouth,0.43658036,0.27725303,0.2861666
Sunderland,Manchester United,0.43658036,0.27725303,0.2861666
Sunderland,Chelsea,0.43658036,0.27725303,0.2861666
Sunderland,Liverpool,0.43658036,0.27725303,0.2861666
Sunderland,Arsenal,0.43658036,0.27725303,0.2861666
Sunderland,Tottenham Hotspur,0.43658036,0.27725303,0.2861666
Sunderland,Bolton Wanderers,0.43658036,0.27725303,0.2861666
Sunderland,Reading,0.43658036,0.27725303,0.2861666
Sunderland,Blackburn Rovers,0.43658036,0.27725303,0.2861666
Sunderland,Everton,0.43658036,0.27725303,0.2861666
Sunderland,Portsmouth,0.43658036,0.27725303,0.2861666
Sunderland,Middlesbrough,0.43658036,0.27725303,0.2861666
Sunderland,West Ham United,0.43658036,0.27725303,0.2861666
Sunderland,Aston Villa,0.43658036,0.27725303,0.2861666
Sunderland,Manchester City,0.43658036,0.27725303,0.2861666
Sunderland,Newcastle United,0.43658036,0.27725303,0.2861666
Sunderland,Sheffield United,0.43658036,0.27725303,0.2861666
Sunderland,Wigan Athletic,0.43658036,0.27725303,0.2861666
Sunderland,Charlton Athletic,0.43658036,0.27725303,0.2861666
Sunderland,Fulham,0.43658036,0.27725303,0.2861666
Sunderland,Watford,0.43658036,0.27725303,0.2861666
Sunderland,Birmingham City,0.43658036,0.27725303,0.2861666
Sunderland,Derby County,0.43658036,0.27725303,0.2861666
Sunderland,Stoke City,0.43658036,0.27725303,0.2861666
Sunderland,Hull City,0.43658036,0.27725303,0.2861666
Sunderland,West Bromwich Albion,0.43658036,0.27725303,0.2861666
Sunderland,Wolverhampton Wanderers,0.43658036,0.27725303,0.2861666
Sunderland,Burnley,0.43658036,0.27725303,0.2861666
Sunderland,Blackpool,0.43658036,0.27725303,0.2861666
Sunderland,Norwich City,0.43658036,0.27725303,0.2861666
Sunderland,Swansea City,0.43658036,0.27725303,0.2861666
Sunderland,Queens Park Rangers,0.43658036,0.27725303,0.2861666
Sunderland,Southampton,0.43658036,0.27725303,0.2861666
Sunderland,Crystal Palace,0.43658036,0.27725303,0.2861666
Sunderland,Cardiff City,0.43658036,0.27725303,0.2861666
Sunderland,Leicester City,0.43658036,0.27725303,0.2861666
Sunderland,AFC Bournemouth,0.43658036,0.27725303,0.2861666
Birmingham City,Manchester United,0.43658036,0.27725303,0.2861666
Birmingham City,Chelsea,0.43658036,0.27725303,0.2861666
Birmingham City,Liverpool,0.43658036,0.27725303,0.2861666
Birmingham City,Arsenal,0.43658036,0.27725303,0.2861666
Birmingham City,Tottenham Hotspur,0.43658036,0.27725303,0.2861666
Birmingham City,Bolton Wanderers,0.43658036,0.27725303,0.2861666
Birmingham City,Reading,0.43658036,0.27725303,0.2861666
Birmingham City,Blackburn Rovers,0.43658036,0.27725303,0.2861666
Birmingham City,Everton,0.43658036,0.27725303,0.2861666
Birmingham City,Portsmouth,0.43658036,0.27725303,0.2861666
Birmingham City,Middlesbrough,0.43658036,0.27725303,0.2861666
Birmingham City,West Ham United,0.43658036,0.27725303,0.2861666
Birmingham City,Aston Villa,0.43658036,0.27725303,0.2861666
Birmingham City,Manchester City,0.43658036,0.27725303,0.2861666
Birmingham City,Newcastle United,0.43658036,0.27725303,0.2861666
Birmingham City,Sheffield United,0.43658036,0.27725303,0.2861666
Birmingham City,Wigan Athletic,0.43658036,0.27725303,0.2861666
Birmingham City,Charlton Athletic,0.43658036,0.27725303,0.2861666
Birmingham City,Fulham,0.43658036,0.27725303,0.2861666
Birmingham City,Watford,0.43658036,0.27725303,0.2861666
Birmingham City,Sunderland,0.43658036,0.27725303,0.2861666
Birmingham City,Derby County,0.43658036,0.27725303,0.2861666
Birmingham City,Stoke City,0.43658036,0.27725303,0.2861666
Birmingham City,Hull City,0.43658036,0.27725303,0.2861666
Birmingham City,West Bromwich Albion,0.43658036,0.27725303,0.2861666
Birmingham City,Wolverhampton Wanderers,0.43658036,0.27725303,0.2861666
Birmingham City,Burnley,0.43658036,0.27725303,0.2861666
Birmingham City,Blackpool,0.43658036,0.27725303,0.2861666
Birmingham City,Norwich City,0.43658036,0.27725303,0.2861666
Birmingham City,Swansea City,0.43658036,0.27725303,0.2861666
Birmingham City,Queens Park Rangers,0.43658036,0.27725303,0.2861666
Birmingham City,Southampton,0.43658036,0.27725303,0.2861666
Birmingham City,Crystal Palace,0.43658036,0.27725303,0.2861666
Birmingham City,Cardiff City,0.43658036,0.27725303,0.2861666
Birmingham City,Leicester City,0.43658036,0.27725303,0.2861666
Birmingham City,AFC Bournemouth,0.43658036,0.27725303,0.2861666
Derby County,Manchester United,0.43658036,0.27725303,0.2861666
Derby County,Chelsea,0.43658036,0.27725303,0.2861666
Derby County,Liverpool,0.43658036,0.27725303,0.2861666
Derby County,Arsenal,0.43658036,0.27725303,0.2861666
Derby County,Tottenham Hotspur,0.43658036,0.27725303,0.2861666
Derby County,Bolton Wanderers,0.43658036,0.27725303,0.2861666
Derby County,Reading,0.43658036,0.27725303,0.2861666
Derby County,Blackburn Rovers,0.43658036,0.27725303,0.2861666
Derby County,Everton,0.43658036,0.27725303,0.2861666
Derby County,Portsmouth,0.43658036,0.27725303,0.2861666
Derby County,Middlesbrough,0.43658036,0.27725303,0.2861666
Derby County,West Ham United,0.43658036,0.27725303,0.2861666
Derby County,Aston Villa,0.43658036,0.27725303,0.2861666
Derby County,Manchester City,0.43658036,0.27725303,0.2861666
Derby County,Newcastle United,0.43658036,0.27725303,0.2861666
Derby County,Sheffield United,0.43658036,0.27725303,0.2861666
Derby County,Wigan Athletic,0.43658036,0.27725303,0.2861666
Derby County,Charlton Athletic,0.43658036,0.27725303,0.2861666
Derby County,Fulham,0.43658036,0.27725303,0.2861666
Derby County,Watford,0.43658036,0.27725303,0.2861666
Derby County,Sunderland,0.43658036,0.27725303,0.2861666
Derby County,Birmingham City,0.43658036,0.27725303,0.2861666
Derby County,Stoke City,0.43658036,0.27725303,0.2861666
Derby County,Hull City,0.43658036,0.27725303,0.2861666
Derby County,West Bromwich Albion,0.43658036,0.27725303,0.2861666
Derby County,Wolverhampton Wanderers,0.43658036,0.27725303,0.2861666
Derby County,Burnley,0.43658036,0.27725303,0.2861666
Derby County,Blackpool,0.43658036,0.27725303,0.2861666
Derby County,Norwich City,0.43658036,0.27725303,0.2861666
Derby County,Swansea City,0.43658036,0.27725303,0.2861666
Derby County,Queens Park Rangers,0.43658036,0.27725303,0.2861666
Derby County,Southampton,0.43658036,0.27725303,0.2861666
Derby County,Crystal Palace,0.43658036,0.27725303,0.2861666
Derby County,Cardiff City,0.43658036,0.27725303,0.2861666
Derby County,Leicester City,0.43658036,0.27725303,0.2861666
Derby County,AFC Bournemouth,0.43658036,0.27725303,0.2861666
Stoke City,Manchester United,0.43658036,0.27725303,0.2861666
Stoke City,Chelsea,0.43658036,0.27725303,0.2861666
Stoke City,Liverpool,0.43658036,0.27725303,0.2861666
Stoke City,Arsenal,0.43658036,0.27725303,0.2861666
Stoke City,Tottenham Hotspur,0.43658036,0.27725303,0.2861666
Stoke City,Bolton Wanderers,0.43658036,0.27725303,0.2861666
Stoke City,Reading,0.43658036,0.27725303,0.2861666
Stoke City,Blackburn Rovers,0.43658036,0.27725303,0.2861666
Stoke City,Everton,0.43658036,0.27725303,0.2861666
Stoke City,Portsmouth,0.43658036,0.27725303,0.2861666
Stoke City,Middlesbrough,0.43658036,0.27725303,0.2861666
Stoke City,West Ham United,0.43658036,0.27725303,0.2861666
Stoke City,Aston Villa,0.43658036,0.27725303,0.2861666
Stoke City,Manchester City,0.43658036,0.27725303,0.2861666
Stoke City,Newcastle United,0.43658036,0.27725303,0.2861666
Stoke City,Sheffield United,0.43658036,0.27725303,0.2861666
Stoke City,Wigan Athletic,0.43658036,0.27725303,0.2861666
Stoke City,Charlton Athletic,0.43658036,0.27725303,0.2861666
Stoke City,Fulham,0.43658036,0.27725303,0.2861666
Stoke City,Watford,0.43658036,0.27725303,0.2861666
Stoke City,Sunderland,0.43658036,0.27725303,0.2861666
Stoke City,Birmingham City,0.43658036,0.27725303,0.2861666
Stoke City,Derby County,0.43658036,0.27725303,0.2861666
Stoke City,Hull City,0.43658036,0.27725303,0.2861666
Stoke City,West Bromwich Albion,0.43658036,0.27725303,0.2861666
Stoke City,Wolverhampton Wanderers,0.43658036,0.27725303,0.2861666
Stoke City,Burnley,0.43658036,0.27725303,0.2861666
Stoke City,Blackpool,0.43658036,0.27725303,0.2861666
Stoke City,Norwich City,0.43658036,0.27725303,0.2861666
Stoke City,Swansea City,0.43658036,0.27725303,0.2861666
Stoke City,Queens Park Rangers,0.43658036,0.27725303,0.2861666
Stoke City,Southampton,0.43658036,0.27725303,0.2861666
Stoke City,Crystal Palace,0.43658036,0.27725303,0.2861666
Stoke City,Cardiff City,0.43658036,0.27725303,0.2861666
Stoke City,Leicester City,0.43658036,0.27725303,0.2861666
Stoke City,AFC Bournemouth,0.43658036,0.27725303,0.2861666
Hull City,Manchester United,0.43658036,0.27725303,0.2861666
Hull City,Chelsea,0.43658036,0.27725303,0.2861666
Hull City,Liverpool,0.43658036,0.27725303,0.2861666
Hull City,Arsenal,0.43658036,0.27725303,0.2861666
Hull City,Tottenham Hotspur,0.43658036,0.27725303,0.2861666
Hull City,Bolton Wanderers,0.43658036,0.27725303,0.2861666
Hull City,Reading,0.43658036,0.27725303,0.2861666
Hull City,Blackburn Rovers,0.43658036,0.27725303,0.2861666
Hull City,Everton,0.43658036,0.27725303,0.2861666
Hull City,Portsmouth,0.43658036,0.27725303,0.2861666
Hull City,Middlesbrough,0.43658036,0.27725303,0.2861666
Hull City,West Ham United,0.43658036,0.27725303,0.2861666
Hull City,Aston Villa,0.43658036,0.27725303,0.2861666
Hull City,Manchester City,0.43658036,0.27725303,0.2861666
Hull City,Newcastle United,0.43658036,0.27725303,0.2861666
Hull City,Sheffield United,0.43658036,0.27725303,0.2861666
Hull City,Wigan Athletic,0.43658036,0.27725303,0.2861666
Hull City,Charlton Athletic,0.43658036,0.27725303,0.2861666
Hull City,Fulham,0.43658036,0.27725303,0.2861666
Hull City,Watford,0.43658036,0.27725303,0.2861666
Hull City,Sunderland,0.43658036,0.27725303,0.2861666
Hull City,Birmingham City,0.43658036,0.27725303,0.2861666
Hull City,Derby County,0.43658036,0.27725303,0.2861666
Hull City,Stoke City,0.43658036,0.27725303,0.2861666
Hull City,West Bromwich Albion,0.43658036,0.27725303,0.2861666
Hull City,Wolverhampton Wanderers,0.43658036,0.27725303,0.2861666
Hull City,Burnley,0.43658036,0.27725303,0.2861666
Hull City,Blackpool,0.43658036,0.27725303,0.2861666
Hull City,Norwich City,0.43658036,0.27725303,0.2861666
Hull City,Swansea City,0.43658036,0.27725303,0.2861666
Hull City,Queens Park Rangers,0.43658036,0.27725303,0.2861666
Hull City,Southampton,0.43658036,0.27725303,0.2861666
Hull City,Crystal Palace,0.43658036,0.27725303,0.2861666
Hull City,Cardiff City,0.43658036,0.27725303,0.2861666
Hull City,Leicester City,0.43658036,0.27725303,0.2861666
Hull City,AFC Bournemouth,0.43658036,0.27725303,0.2861666
West Bromwich Albion,Manchester United,0.43658036,0.27725303,0.2861666
West Bromwich Albion,Chelsea,0.43658036,0.27725303,0.2861666
West Bromwich Albion,Liverpool,0.43658036,0.27725303,0.2861666
West Bromwich Albion,Arsenal,0.43658036,0.27725303,0.2861666
West Bromwich Albion,Tottenham Hotspur,0.43658036,0.27725303,0.2861666
West Bromwich Albion,Bolton Wanderers,0.43658036,0.27725303,0.2861666
West Bromwich Albion,Reading,0.43658036,0.27725303,0.2861666
West Bromwich Albion,Blackburn Rovers,0.43658036,0.27725303,0.2861666
West Bromwich Albion,Everton,0.43658036,0.27725303,0.2861666
West Bromwich Albion,Portsmouth,0.43658036,0.27725303,0.2861666
West Bromwich Albion,Middlesbrough,0.43658036,0.27725303,0.2861666
West Bromwich Albion,West Ham United,0.43658036,0.27725303,0.2861666
West Bromwich Albion,Aston Villa,0.43658036,0.27725303,0.2861666
West Bromwich Albion,Manchester City,0.43658036,0.27725303,0.2861666
West Bromwich Albion,Newcastle United,0.43658036,0.27725303,0.2861666
West Bromwich Albion,Sheffield United,0.43658036,0.27725303,0.2861666
West Bromwich Albion,Wigan Athletic,0.43658036,0.27725303,0.2861666
West Bromwich Albion,Charlton Athletic,0.43658036,0.27725303,0.2861666
West Bromwich Albion,Fulham,0.43658036,0.27725303,0.2861666
West Bromwich Albion,Watford,0.43658036,0.27725303,0.2861666
West Bromwich Albion,Sunderland,0.43658036,0.27725303,0.2861666
West Bromwich Albion,Birmingham City,0.43658036,0.27725303,0.2861666
West Bromwich Albion,Derby County,0.43658036,0.27725303,0.2861666
West Bromwich Albion,Stoke City,0.43658036,0.27725303,0.2861666
West Bromwich Albion,Hull City,0.43658036,0.27725303,0.2861666
West Bromwich Albion,Wolverhampton Wanderers,0.43658036,0.27725303,0.2861666
West Bromwich Albion,Burnley,0.43658036,0.27725303,0.2861666
West Bromwich Albion,Blackpool,0.43658036,0.27725303,0.2861666
West Bromwich Albion,Norwich City,0.43658036,0.27725303,0.2861666
West Bromwich Albion,Swansea City,0.43658036,0.27725303,0.2861666
West Bromwich Albion,Queens Park Rangers,0.43658036,0.27725303,0.2861666
West Bromwich Albion,Southampton,0.43658036,0.27725303,0.2861666
West Bromwich Albion,Crystal Palace,0.43658036,0.27725303,0.2861666
West Bromwich Albion,Cardiff City,0.43658036,0.27725303,0.2861666
West Bromwich Albion,Leicester City,0.43658036,0.27725303,0.2861666
West Bromwich Albion,AFC Bournemouth,0.43658036,0.27725303,0.2861666
Wolverhampton Wanderers,Manchester United,0.43658036,0.27725303,0.2861666
Wolverhampton Wanderers,Chelsea,0.43658036,0.27725303,0.2861666
Wolverhampton Wanderers,Liverpool,0.43658036,0.27725303,0.2861666
Wolverhampton Wanderers,Arsenal,0.43658036,0.27725303,0.2861666
Wolverhampton Wanderers,Tottenham Hotspur,0.43658036,0.27725303,0.2861666
Wolverhampton Wanderers,Bolton Wanderers,0.43658036,0.27725303,0.2861666
Wolverhampton Wanderers,Reading,0.43658036,0.27725303,0.2861666
Wolverhampton Wanderers,Blackburn Rovers,0.43658036,0.27725303,0.2861666
Wolverhampton Wanderers,Everton,0.43658036,0.27725303,0.2861666
Wolverhampton Wanderers,Portsmouth,0.43658036,0.27725303,0.2861666
Wolverhampton Wanderers,Middlesbrough,0.43658036,0.27725303,0.2861666
Wolverhampton Wanderers,West Ham United,0.43658036,0.27725303,0.2861666
Wolverhampton Wanderers,Aston Villa,0.43658036,0.27725303,0.2861666
Wolverhampton Wanderers,Manchester City,0.43658036,0.27725303,0.2861666
Wolverhampton Wanderers,Newcastle United,0.43658036,0.27725303,0.2861666
Wolverhampton Wanderers,Sheffield United,0.43658036,0.27725303,0.2861666
Wolverhampton Wanderers,Wigan Athletic,0.43658036,0.27725303,0.2861666
Wolverhampton Wanderers,Charlton Athletic,0.43658036,0.27725303,0.2861666
Wolverhampton Wanderers,Fulham,0.43658036,0.27725303,0.2861666
Wolverhampton Wanderers,Watford,0.43658036,0.27725303,0.2861666
Wolverhampton Wanderers,Sunderland,0.43658036,0.27725303,0.2861666
Wolverhampton Wanderers,Birmingham City,0.43658036,0.27725303,0.2861666
Wolverhampton Wanderers,Derby County,0.43658036,0.27725303,0.2861666
Wolverhampton Wanderers,Stoke City,0.43658036,0.27725303,0.2861666
Wolverhampton Wanderers,Hull City,0.43658036,0.27725303,0.2861666
Wolverhampton Wanderers,West Bromwich Albion,0.43658036,0.27725303,0.2861666
Wolverhampton Wanderers,Burnley,0.43658036,0.27725303,0.2861666
Wolverhampton Wanderers,Blackpool,0.43658036,0.27725303,0.2861666
Wolverhampton Wanderers,Norwich City,0.43658036,0.27725303,0.2861666
Wolverhampton Wanderers,Swansea City,0.43658036,0.27725303,0.2861666
Wolverhampton Wanderers,Queens Park Rangers,0.43658036,0.27725303,0.2861666
Wolverhampton Wanderers,Southampton,0.43658036,0.27725303,0.2861666
Wolverhampton Wanderers,Crystal Palace,0.43658036,0.27725303,0.2861666
Wolverhampton Wanderers,Cardiff City,0.43658036,0.27725303,0.2861666
Wolverhampton Wanderers,Leicester City,0.43658036,0.27725303,0.2861666
Wolverhampton Wanderers,AFC Bournemouth,0.43658036,0.27725303,0.2861666
Burnley,Manchester United,0.43658036,0.27725303,0.2861666
Burnley,Chelsea,0.43658036,0.27725303,0.2861666
Burnley,Liverpool,0.43658036,0.27725303,0.2861666
Burnley,Arsenal,0.43658036,0.27725303,0.2861666
Burnley,Tottenham Hotspur,0.43658036,0.27725303,0.2861666
Burnley,Bolton Wanderers,0.43658036,0.27725303,0.2861666
Burnley,Reading,0.43658036,0.27725303,0.2861666
Burnley,Blackburn Rovers,0.43658036,0.27725303,0.2861666
Burnley,Everton,0.43658036,0.27725303,0.2861666
Burnley,Portsmouth,0.43658036,0.27725303,0.2861666
Burnley,Middlesbrough,0.43658036,0.27725303,0.2861666
Burnley,West Ham United,0.43658036,0.27725303,0.2861666
Burnley,Aston Villa,0.43658036,0.27725303,0.2861666
Burnley,Manchester City,0.43658036,0.27725303,0.2861666
Burnley,Newcastle United,0.43658036,0.27725303,0.2861666
Burnley,Sheffield United,0.43658036,0.27725303,0.2861666
Burnley,Wigan Athletic,0.43658036,0.27725303,0.2861666
Burnley,Charlton Athletic,0.43658036,0.27725303,0.2861666
Burnley,Fulham,0.43658036,0.27725303,0.2861666
Burnley,Watford,0.43658036,0.27725303,0.2861666
Burnley,Sunderland,0.43658036,0.27725303,0.2861666
Burnley,Birmingham City,0.43658036,0.27725303,0.2861666
Burnley,Derby County,0.43658036,0.27725303,0.2861666
Burnley,Stoke City,0.43658036,0.27725303,0.2861666
Burnley,Hull City,0.43658036,0.27725303,0.2861666
Burnley,West Bromwich Albion,0.43658036,0.27725303,0.2861666
Burnley,Wolverhampton Wanderers,0.43658036,0.27725303,0.2861666
Burnley,Blackpool,0.43658036,0.27725303,0.2861666
Burnley,Norwich City,0.43658036,0.27725303,0.2861666
Burnley,Swansea City,0.43658036,0.27725303,0.2861666
Burnley,Queens Park Rangers,0.43658036,0.27725303,0.2861666
Burnley,Southampton,0.43658036,0.27725303,0.2861666
Burnley,Crystal Palace,0.43658036,0.27725303,0.2861666
Burnley,Cardiff City,0.43658036,0.27725303,0.2861666
Burnley,Leicester City,0.43658036,0.27725303,0.2861666
Burnley,AFC Bournemouth,0.43658036,0.27725303,0.2861666
Blackpool,Manchester United,0.43658036,0.27725303,0.2861666
Blackpool,Chelsea,0.43658036,0.27725303,0.2861666
Blackpool,Liverpool,0.43658036,0.27725303,0.2861666
Blackpool,Arsenal,0.43658036,0.27725303,0.2861666
Blackpool,Tottenham Hotspur,0.43658036,0.27725303,0.2861666
Blackpool,Bolton Wanderers,0.43658036,0.27725303,0.2861666
Blackpool,Reading,0.43658036,0.27725303,0.2861666
Blackpool,Blackburn Rovers,0.43658036,0.27725303,0.2861666
Blackpool,Everton,0.43658036,0.27725303,0.2861666
Blackpool,Portsmouth,0.43658036,0.27725303,0.2861666
Blackpool,Middlesbrough,0.43658036,0.27725303,0.2861666
Blackpool,West Ham United,0.43658036,0.27725303,0.2861666
Blackpool,Aston Villa,0.43658036,0.27725303,0.2861666
Blackpool,Manchester City,0.43658036,0.27725303,0.2861666
Blackpool,Newcastle United,0.43658036,0.27725303,0.2861666
Blackpool,Sheffield United,0.43658036,0.27725303,0.2861666
Blackpool,Wigan Athletic,0.43658036,0.27725303,0.2861666
Blackpool,Charlton Athletic,0.43658036,0.27725303,0.2861666
Blackpool,Fulham,0.43658036,0.27725303,0.2861666
Blackpool,Watford,0.43658036,0.27725303,0.2861666
Blackpool,Sunderland,0.43658036,0.27725303,0.2861666
Blackpool,Birmingham City,0.43658036,0.27725303,0.2861666
Blackpool,Derby County,0.43658036,0.27725303,0.2861666
Blackpool,Stoke City,0.43658036,0.27725303,0.2861666
Blackpool,Hull City,0.43658036,0.27725303,0.2861666
Blackpool,West Bromwich Albion,0.43658036,0.27725303,0.2861666
Blackpool,Wolverhampton Wanderers,0.43658036,0.27725303,0.2861666
Blackpool,Burnley,0.43658036,0.27725303,0.2861666
Blackpool,Norwich City,0.43658036,0.27725303,0.2861666
Blackpool,Swansea City,0.43658036,0.27725303,0.2861666
Blackpool,Queens Park Rangers,0.43658036,0.27725303,0.2861666
Blackpool,Southampton,0.43658036,0.27725303,0.2861666
Blackpool,Crystal Palace,0.43658036,0.27725303,0.2861666
Blackpool,Cardiff City,0.43658036,0.27725303,0.2861666
Blackpool,Leicester City,0.43658036,0.27725303,0.2861666
Blackpool,AFC Bournemouth,0.43658036,0.27725303,0.2861666
Norwich City,Manchester United,0.43658036,0.27725303,0.2861666
Norwich City,Chelsea,0.43658036,0.27725303,0.2861666
Norwich City,Liverpool,0.43658036,0.27725303,0.2861666
Norwich City,Arsenal,0.43658036,0.27725303,0.2861666
Norwich City,Tottenham Hotspur,0.43658036,0.27725303,0.2861666
Norwich City,Bolton Wanderers,0.43658036,0.27725303,0.2861666
Norwich City,Reading,0.43658036,0.27725303,0.2861666
Norwich City,Blackburn Rovers,0.43658036,0.27725303,0.2861666
Norwich City,Everton,0.43658036,0.27725303,0.2861666
Norwich City,Portsmouth,0.43658036,0.27725303,0.2861666
Norwich City,Middlesbrough,0.43658036,0.27725303,0.2861666
Norwich City,West Ham United,0.43658036,0.27725303,0.2861666
Norwich City,Aston Villa,0.43658036,0.27725303,0.2861666
Norwich City,Manchester City,0.43658036,0.27725303,0.2861666
Norwich City,Newcastle United,0.43658036,0.27725303,0.2861666
Norwich City,Sheffield United,0.43658036,0.27725303,0.2861666
Norwich City,Wigan Athletic,0.43658036,0.27725303,0.2861666
Norwich City,Charlton Athletic,0.43658036,0.27725303,0.2861666
Norwich City,Fulham,0.43658036,0.27725303,0.2861666
Norwich City,Watford,0.43658036,0.27725303,0.2861666
Norwich City,Sunderland,0.43658036,0.27725303,0.2861666
Norwich City,Birmingham City,0.43658036,0.27725303,0.2861666
Norwich City,Derby County,0.43658036,0.27725303,0.2861666
Norwich City,Stoke City,0.43658036,0.27725303,0.2861666
Norwich City,Hull City,0.43658036,0.27725303,0.2861666
Norwich City,West Bromwich Albion,0.43658036,0.27725303,0.2861666
Norwich City,Wolverhampton Wanderers,0.43658036,0.27725303,0.2861666
Norwich City,Burnley,0.43658036,0.27725303,0.2861666
Norwich City,Blackpool,0.43658036,0.27725303,0.2861666
Norwich City,Swansea City,0.43658036,0.27725303,0.2861666
Norwich City,Queens Park Rangers,0.43658036,0.27725303,0.2861666
Norwich City,Southampton,0.43658036,0.27725303,0.2861666
Norwich City,Crystal Palace,0.43658036,0.27725303,0.2861666
Norwich City,Cardiff City,0.43658036,0.27725303,0.2861666
Norwich City,Leicester City,0.43658036,0.27725303,0.2861666
Norwich City,AFC Bournemouth,0.43658036,0.27725303,0.2861666
Swansea City,Manchester United,0.43658036,0.27725303,0.2861666
Swansea City,Chelsea,0.43658036,0.27725303,0.2861666
Swansea City,Liverpool,0.43658036,0.27725303,0.2861666
Swansea City,Arsenal,0.43658036,0.27725303,0.2861666
Swansea City,Tottenham Hotspur,0.43658036,0.27725303,0.2861666
Swansea City,Bolton Wanderers,0.43658036,0.27725303,0.2861666
Swansea City,Reading,0.43658036,0.27725303,0.2861666
Swansea City,Blackburn Rovers,0.43658036,0.27725303,0.2861666
Swansea City,Everton,0.43658036,0.27725303,0.2861666
Swansea City,Portsmouth,0.43658036,0.27725303,0.2861666
Swansea City,Middlesbrough,0.43658036,0.27725303,0.2861666
Swansea City,West Ham United,0.43658036,0.27725303,0.2861666
Swansea City,Aston Villa,0.43658036,0.27725303,0.2861666
Swansea City,Manchester City,0.43658036,0.27725303,0.2861666
Swansea City,Newcastle United,0.43658036,0.27725303,0.2861666
Swansea City,Sheffield United,0.43658036,0.27725303,0.2861666
Swansea City,Wigan Athletic,0.43658036,0.27725303,0.2861666
Swansea City,Charlton Athletic,0.43658036,0.27725303,0.2861666
Swansea City,Fulham,0.43658036,0.27725303,0.2861666
Swansea City,Watford,0.43658036,0.27725303,0.2861666
Swansea City,Sunderland,0.43658036,0.27725303,0.2861666
Swansea City,Birmingham City,0.43658036,0.27725303,0.2861666
Swansea City,Derby County,0.43658036,0.27725303,0.2861666
Swansea City,Stoke City,0.43658036,0.27725303,0.2861666
Swansea City,Hull City,0.43658036,0.27725303,0.2861666
Swansea City,West Bromwich Albion,0.43658036,0.27725303,0.2861666
Swansea City,Wolverhampton Wanderers,0.43658036,0.27725303,0.2861666
Swansea City,Burnley,0.43658036,0.27725303,0.2861666
Swansea City,Blackpool,0.43658036,0.27725303,0.2861666
Swansea City,Norwich City,0.43658036,0.27725303,0.2861666
Swansea City,Queens Park Rangers,0.43658036,0.27725303,0.2861666
Swansea City,Southampton,0.43658036,0.27725303,0.2861666
Swansea City,Crystal Palace,0.43658036,0.27725303,0.2861666
Swansea City,Cardiff City,0.43658036,0.27725303,0.2861666
Swansea City,Leicester City,0.43658036,0.27725303,0.2861666
Swansea City,AFC Bournemouth,0.43658036,0.27725303,0.2861666
Queens Park Rangers,Manchester United,0.43658036,0.27725303,0.2861666
Queens Park Rangers,Chelsea,0.43658036,0.27725303,0.2861666
Queens Park Rangers,Liverpool,0.43658036,0.27725303,0.2861666
Queens Park Rangers,Arsenal,0.43658036,0.27725303,0.2861666
Queens Park Rangers,Tottenham Hotspur,0.43658036,0.27725303,0.2861666
Queens Park Rangers,Bolton Wanderers,0.43658036,0.27725303,0.2861666
Queens Park Rangers,Reading,0.43658036,0.27725303,0.2861666
Queens Park Rangers,Blackburn Rovers,0.43658036,0.27725303,0.2861666
Queens Park Rangers,Everton,0.43658036,0.27725303,0.2861666
Queens Park Rangers,Portsmouth,0.43658036,0.27725303,0.2861666
Queens Park Rangers,Middlesbrough,0.43658036,0.27725303,0.2861666
Queens Park Rangers,West Ham United,0.43658036,0.27725303,0.2861666
Queens Park Rangers,Aston Villa,0.43658036,0.27725303,0.2861666
Queens Park Rangers,Manchester City,0.43658036,0.27725303,0.2861666
Queens Park Rangers,Newcastle United,0.43658036,0.27725303,0.2861666
Queens Park Rangers,Sheffield United,0.43658036,0.27725303,0.2861666
Queens Park Rangers,Wigan Athletic,0.43658036,0.27725303,0.2861666
Queens Park Rangers,Charlton Athletic,0.43658036,0.27725303,0.2861666
Queens Park Rangers,Fulham,0.43658036,0.27725303,0.2861666
Queens Park Rangers,Watford,0.43658036,0.27725303,0.2861666
Queens Park Rangers,Sunderland,0.43658036,0.27725303,0.2861666
Queens Park Rangers,Birmingham City,0.43658036,0.27725303,0.2861666
Queens Park Rangers,Derby County,0.43658036,0.27725303,0.2861666
Queens Park Rangers,Stoke City,0.43658036,0.27725303,0.2861666
Queens Park Rangers,Hull City,0.43658036,0.27725303,0.2861666
Queens Park Rangers,West Bromwich Albion,0.43658036,0.27725303,0.2861666
Queens Park Rangers,Wolverhampton Wanderers,0.43658036,0.27725303,0.2861666
Queens Park Rangers,Burnley,0.43658036,0.27725303,0.2861666
Queens Park Rangers,Blackpool,0.43658036,0.27725303,0.2861666
Queens Park Rangers,Norwich City,0.43658036,0.27725303,0.2861666
Queens Park Rangers,Swansea City,0.43658036,0.27725303,0.2861666
Queens Park Rangers,Southampton,0.43658036,0.27725303,0.2861666
Queens Park Rangers,Crystal Palace,0.43658036,0.27725303,0.2861666
Queens Park Rangers,Cardiff City,0.43658036,0.27725303,0.2861666
Queens Park Rangers,Leicester City,0.43658036,0.27725303,0.2861666
Queens Park Rangers,AFC Bournemouth,0.43658036,0.27725303,0.2861666
Southampton,Manchester United,0.43658036,0.27725303,0.2861666
Southampton,Chelsea,0.43658036,0.27725303,0.2861666
Southampton,Liverpool,0.43658036,0.27725303,0.2861666
Southampton,Arsenal,0.43658036,0.27725303,0.2861666
Southampton,Tottenham Hotspur,0.43658036,0.27725303,0.2861666
Southampton,Bolton Wanderers,0.43658036,0.27725303,0.2861666
Southampton,Reading,0.43658036,0.27725303,0.2861666
Southampton,Blackburn Rovers,0.43658036,0.27725303,0.2861666
Southampton,Everton,0.43658036,0.27725303,0.2861666
Southampton,Portsmouth,0.43658036,0.27725303,0.2861666
Southampton,Middlesbrough,0.43658036,0.27725303,0.2861666
Southampton,West Ham United,0.43658036,0.27725303,0.2861666
Southampton,Aston Villa,0.43658036,0.27725303,0.2861666
Southampton,Manchester City,0.43658036,0.27725303,0.2861666
Southampton,Newcastle United,0.43658036,0.27725303,0.2861666
Southampton,Sheffield United,0.43658036,0.27725303,0.2861666
Southampton,Wigan Athletic,0.43658036,0.27725303,0.2861666
Southampton,Charlton Athletic,0.43658036,0.27725303,0.2861666
Southampton,Fulham,0.43658036,0.27725303,0.2861666
Southampton,Watford,0.43658036,0.27725303,0.2861666
Southampton,Sunderland,0.43658036,0.27725303,0.2861666
Southampton,Birmingham City,0.43658036,0.27725303,0.2861666
Southampton,Derby County,0.43658036,0.27725303,0.2861666
Southampton,Stoke City,0.43658036,0.27725303,0.2861666
Southampton,Hull City,0.43658036,0.27725303,0.2861666
Southampton,West Bromwich Albion,0.43658036,0.27725303,0.2861666
Southampton,Wolverhampton Wanderers,0.43658036,0.27725303,0.2861666
Southampton,Burnley,0.43658036,0.27725303,0.2861666
Southampton,Blackpool,0.43658036,0.27725303,0.2861666
Southampton,Norwich City,0.43658036,0.27725303,0.2861666
Southampton,Swansea City,0.43658036,0.27725303,0.2861666
Southampton,Queens Park Rangers,0.43658036,0.27725303,0.2861666
Southampton,Crystal Palace,0.43658036,0.27725303,0.2861666
Southampton,Cardiff City,0.43658036,0.27725303,0.2861666
Southampton,Leicester City,0.43658036,0.27725303,0.2861666
Southampton,AFC Bournemouth,0.43658036,0.27725303,0.2861666
Crystal Palace,Manchester United,0.43658036,0.27725303,0.2861666
Crystal Palace,Chelsea,0.43658036,0.27725303,0.2861666
Crystal Palace,Liverpool,0.43658036,0.27725303,0.2861666
Crystal Palace,Arsenal,0.43658036,0.27725303,0.2861666
Crystal Palace,Tottenham Hotspur,0.43658036,0.27725303,0.2861666
Crystal Palace,Bolton Wanderers,0.43658036,0.27725303,0.2861666
Crystal Palace,Reading,0.43658036,0.27725303,0.2861666
Crystal Palace,Blackburn Rovers,0.43658036,0.27725303,0.2861666
Crystal Palace,Everton,0.43658036,0.27725303,0.2861666
Crystal Palace,Portsmouth,0.43658036,0.27725303,0.2861666
Crystal Palace,Middlesbrough,0.43658036,0.27725303,0.2861666
Crystal Palace,West Ham United,0.43658036,0.27725303,0.2861666
Crystal Palace,Aston Villa,0.43658036,0.27725303,0.2861666
Crystal Palace,Manchester City,0.43658036,0.27725303,0.2861666
Crystal Palace,Newcastle United,0.43658036,0.27725303,0.2861666
Crystal Palace,Sheffield United,0.43658036,0.27725303,0.2861666
Crystal Palace,Wigan Athletic,0.43658036,0.27725303,0.2861666
Crystal Palace,Charlton Athletic,0.43658036,0.27725303,0.2861666
Crystal Palace,Fulham,0.43658036,0.27725303,0.2861666
Crystal Palace,Watford,0.43658036,0.27725303,0.2861666
Crystal Palace,Sunderland,0.43658036,0.27725303,0.2861666
Crystal Palace,Birmingham City,0.43658036,0.27725303,0.2861666
Crystal Palace,Derby County,0.43658036,0.27725303,0.2861666
Crystal Palace,Stoke City,0.43658036,0.27725303,0.2861666
Crystal Palace,Hull City,0.43658036,0.27725303,0.2861666
Crystal Palace,West Bromwich Albion,0.43658036,0.27725303,0.2861666
Crystal Palace,Wolverhampton Wanderers,0.43658036,0.27725303,0.2861666
Crystal Palace,Burnley,0.43658036,0.27725303,0.2861666
Crystal Palace,Blackpool,0.43658036,0.27725303,0.2861666
Crystal Palace,Norwich City,0.43658036,0.27725303,0.2861666
Crystal Palace,Swansea City,0.43658036,0.27725303,0.2861666
Crystal Palace,Queens Park Rangers,0.43658036,0.27725303,0.2861666
Crystal Palace,Southampton,0.43658036,0.27725303,0.2861666
Crystal Palace,Cardiff City,0.43658036,0.27725303,0.2861666
Crystal Palace,Leicester City,0.43658036,0.27725303,0.2861666
Crystal Palace,AFC Bournemouth,0.43658036,0.27725303,0.2861666
Cardiff City,Manchester United,0.43658036,0.27725303,0.2861666
Cardiff City,Chelsea,0.43658036,0.27725303,0.2861666
Cardiff City,Liverpool,0.43658036,0.27725303,0.2861666
Cardiff City,Arsenal,0.43658036,0.27725303,0.2861666
Cardiff City,Tottenham Hotspur,0.43658036,0.27725303,0.2861666
Cardiff City,Bolton Wanderers,0.43658036,0.27725303,0.2861666
Cardiff City,Reading,0.43658036,0.27725303,0.2861666
Cardiff City,Blackburn Rovers,0.43658036,0.27725303,0.2861666
Cardiff City,Everton,0.43658036,0.27725303,0.2861666
Cardiff City,Portsmouth,0.43658036,0.27725303,0.2861666
Cardiff City,Middlesbrough,0.43658036,0.27725303,0.2861666
Cardiff City,West Ham United,0.43658036,0.27725303,0.2861666
Cardiff City,Aston Villa,0.43658036,0.27725303,0.2861666
Cardiff City,Manchester City,0.43658036,0.27725303,0.2861666
Cardiff City,Newcastle United,0.43658036,0.27725303,0.2861666
Cardiff City,Sheffield United,0.43658036,0.27725303,0.2861666
Cardiff City,Wigan Athletic,0.43658036,0.27725303,0.2861666
Cardiff City,Charlton Athletic,0.43658036,0.27725303,0.2861666
Cardiff City,Fulham,0.43658036,0.27725303,0.2861666
Cardiff City,Watford,0.43658036,0.27725303,0.2861666
Cardiff City,Sunderland,0.43658036,0.27725303,0.2861666
Cardiff City,Birmingham City,0.43658036,0.27725303,0.2861666
Cardiff City,Derby County,0.43658036,0.27725303,0.2861666
Cardiff City,Stoke City,0.43658036,0.27725303,0.2861666
Cardiff City,Hull City,0.43658036,0.27725303,0.2861666
Cardiff City,West Bromwich Albion,0.43658036,0.27725303,0.2861666
Cardiff City,Wolverhampton Wanderers,0.43658036,0.27725303,0.2861666
Cardiff City,Burnley,0.43658036,0.27725303,0.2861666
Cardiff City,Blackpool,0.43658036,0.27725303,0.2861666
Cardiff City,Norwich City,0.43658036,0.27725303,0.2861666
Cardiff City,Swansea City,0.43658036,0.27725303,0.2861666
Cardiff City,Queens Park Rangers,0.43658036,0.27725303,0.2861666
Cardiff City,Southampton,0.43658036,0.27725303,0.2861666
Cardiff City,Crystal Palace,0.43658036,0.27725303,0.2861666
Cardiff City,Leicester City,0.43658036,0.27725303,0.2861666
Cardiff City,AFC Bournemouth,0.43658036,0.27725303,0.2861666
Leicester City,Manchester United,0.43658036,0.27725303,0.2861666
Leicester City,Chelsea,0.43658036,0.27725303,0.2861666
Leicester City,Liverpool,0.43658036,0.27725303,0.2861666
Leicester City,Arsenal,0.43658036,0.27725303,0.2861666
Leicester City,Tottenham Hotspur,0.43658036,0.27725303,0.2861666
Leicester City,Bolton Wanderers,0.43658036,0.27725303,0.2861666
Leicester City,Reading,0.43658036,0.27725303,0.2861666
Leicester City,Blackburn Rovers,0.43658036,0.27725303,0.2861666
Leicester City,Everton,0.43658036,0.27725303,0.2861666
Leicester City,Portsmouth,0.43658036,0.27725303,0.2861666
Leicester City,Middlesbrough,0.43658036,0.27725303,0.2861666
Leicester City,West Ham United,0.43658036,0.27725303,0.2861666
Leicester City,Aston Villa,0.43658036,0.27725303,0.2861666
Leicester City,Manchester City,0.43658036,0.27725303,0.2861666
Leicester City,Newcastle United,0.43658036,0.27725303,0.2861666
Leicester City,Sheffield United,0.43658036,0.27725303,0.2861666
Leicester City,Wigan Athletic,0.43658036,0.27725303,0.2861666
Leicester City,Charlton Athletic,0.43658036,0.27725303,0.2861666
Leicester City,Fulham,0.43658036,0.27725303,0.2861666
Leicester City,Watford,0.43658036,0.27725303,0.2861666
Leicester City,Sunderland,0.43658036,0.27725303,0.2861666
Leicester City,Birmingham City,0.43658036,0.27725303,0.2861666
Leicester City,Derby County,0.43658036,0.27725303,0.2861666
Leicester City,Stoke City,0.43658036,0.27725303,0.2861666
Leicester City,Hull City,0.43658036,0.27725303,0.2861666
Leicester City,West Bromwich Albion,0.43658036,0.27725303,0.2861666
Leicester City,Wolverhampton Wanderers,0.43658036,0.27725303,0.2861666
Leicester City,Burnley,0.43658036,0.27725303,0.2861666
Leicester City,Blackpool,0.43658036,0.27725303,0.2861666
Leicester City,Norwich City,0.43658036,0.27725303,0.2861666
Leicester City,Swansea City,0.43658036,0.27725303,0.2861666
Leicester City,Queens Park Rangers,0.43658036,0.27725303,0.2861666
Leicester City,Southampton,0.43658036,0.27725303,0.2861666
Leicester City,Crystal Palace,0.43658036,0.27725303,0.2861666
Leicester City,Cardiff City,0.43658036,0.27725303,0.2861666
Leicester City,AFC Bournemouth,0.43658036,0.27725303,0.2861666
AFC Bournemouth,Manchester United,0.43658036,0.27725303,0.2861666
AFC Bournemouth,Chelsea,0.43658036,0.27725303,0.2861666
AFC Bournemouth,Liverpool,0.43658036,0.27725303,0.2861666
AFC Bournemouth,Arsenal,0.43658036,0.27725303,0.2861666
AFC Bournemouth,Tottenham Hotspur,0.43658036,0.27725303,0.2861666
AFC Bournemouth,Bolton Wanderers,0.43658036,0.27725303,0.2861666
AFC Bournemouth,Reading,0.43658036,0.27725303,0.2861666
AFC Bournemouth,Blackburn Rovers,0.43658036,0.27725303,0.2861666
AFC Bournemouth,Everton,0.43658036,0.27725303,0.2861666
AFC Bournemouth,Portsmouth,0.43658036,0.27725303,0.2861666
AFC Bournemouth,Middlesbrough,0.43658036,0.27725303,0.2861666
AFC Bournemouth,West Ham United,0.43658036,0.27725303,0.2861666
AFC Bournemouth,Aston Villa,0.43658036,0.27725303,0.2861666
AFC Bournemouth,Manchester City,0.43658036,0.27725303,0.2861666
AFC Bournemouth,Newcastle United,0.43658036,0.27725303,0.2861666
AFC Bournemouth,Sheffield United,0.43658036,0.27725303,0.2861666
AFC Bournemouth,Wigan Athletic,0.43658036,0.27725303,0.2861666
AFC Bournemouth,Charlton Athletic,0.43658036,0.27725303,0.2861666
AFC Bournemouth,Fulham,0.43658036,0.27725303,0.2861666
AFC Bournemouth,Watford,0.43658036,0.27725303,0.2861666
AFC Bournemouth,Sunderland,0.43658036,0.27725303,0.2861666
AFC Bournemouth,Birmingham City,0.43658036,0.27725303,0.2861666
AFC Bournemouth,Derby County,0.43658036,0.27725303,0.2861666
AFC Bournemouth,Stoke City,0.43658036,0.27725303,0.2861666
AFC Bournemouth,Hull City,0.43658036,0.27725303,0.2861666
AFC Bournemouth,West Bromwich Albion,0.43658036,0.27725303,0.2861666
AFC Bournemouth,Wolverhampton Wanderers,0.43658036,0.27725303,0.2861666
AFC Bournemouth,Burnley,0.43658036,0.27725303,0.2861666
AFC Bournemouth,Blackpool,0.43658036,0.27725303,0.2861666
AFC Bournemouth,Norwich City,0.43658036,0.27725303,0.2861666
AFC Bournemouth,Swansea City,0.43658036,0.27725303,0.2861666
AFC Bournemouth,Queens Park Rangers,0.43658036,0.27725303,0.2861666
AFC Bournemouth,Southampton,0.43658036,0.27725303,0.2861666
AFC Bournemouth,Crystal Palace,0.43658036,0.27725303,0.2861666
AFC Bournemouth,Cardiff City,0.43658036,0.27725303,0.2861666
AFC Bournemouth,Leicester City,0.43658036,0.27725303,0.2861666
